Date,High,Low,Open,Close,Volume,Adj_Close
2017-06-01,181.1000061,179.8600006,180.8099976,180.6300049,2028300,167.8891907
2017-06-02,181.25,179.8699951,180.5800018,180.9700012,2239900,168.2052155
2017-06-05,182.2100067,180.6000061,181.1000061,182.0800018,1561100,169.2368622
2017-06-06,182.7200012,181.0099945,181.6999969,181.4499969,2248900,168.6513519
2017-06-07,182.2400055,181.1399994,181.4400024,182.1999969,1246200,169.3484344
2017-06-08,182.5,180.8399963,181.9199982,181.4100037,1823600,168.6141815
2017-06-09,181.9299927,179.9199982,181.7100067,180.3800049,2167600,167.6567993
2017-06-12,180.8699951,178.7899933,179.5800018,179.6399994,2395200,166.9689941
2017-06-13,180.7899933,179.0299988,179.8999939,180.5099945,1745400,167.7776337
2017-06-14,181.9600067,180.2299957,180.8300018,181.6699982,1440400,168.8558044
2017-06-15,181.3300018,178.3699951,180.3899994,180.0599976,1753800,167.3594055
2017-06-16,170.6000061,165,170.3999939,167.1100006,24233000,155.3227997
2017-06-19,167.3800049,162.3899994,167.0500031,164.3399963,13809100,152.7481842
2017-06-20,165.5,162.4299927,165.5,162.8999939,7337600,151.40979
2017-06-21,163.7700043,162.75,163.4900055,163.1499939,3421700,151.6421356
2017-06-22,163.3000031,159.0099945,163.1699982,159.7899933,8043100,148.519104
2017-06-23,159.8000031,156.5599976,159.3999939,157.1300049,9506700,146.0467682
2017-06-26,160.9900055,158.1000061,158.1499939,160.1999969,6473900,148.900238
2017-06-27,161.5500031,159.1999969,160.6600037,159.2599945,5533800,148.0265045
2017-06-28,160.5,159.5,159.5899963,160.1699982,3234400,148.872345
2017-06-29,160.4700012,157.8000031,160.2100067,158.6799927,3664200,147.4874268
2017-06-30,160.5399933,158.7899933,159.6000061,159.9299927,4755100,148.6492767
2017-07-03,160.5299988,158.6900024,160.2100067,158.8200073,1994300,147.6175385
2017-07-05,159.5,157.8600006,158.9299927,158.0200043,3770400,146.8739624
2017-07-06,161.3500061,157.0500031,161.1100006,157.0899963,6963400,146.0095825
2017-07-07,157.5500031,154.0899963,157.3600006,154.1100006,7688400,143.2397766
2017-07-10,153.6000061,150.9600067,153.5099945,151,8999800,140.3491821
2017-07-11,153.0899963,150.9299927,151.4499969,151.1100006,6275600,140.4513855
2017-07-12,152.8999939,151.4199982,151.4600067,151.75,5112200,141.0462494
2017-07-13,153.9299927,152.6199951,153.2299957,153.6000061,5673500,142.7658081
2017-07-14,154.2700043,152.8999939,154.2599945,153,4368400,142.2080841
2017-07-17,153.4400024,152.5200043,153,152.8399963,3096500,142.0593872
2017-07-18,152.8399963,150.9400024,152.6100006,151.5,3256900,140.8138733
2017-07-19,152.1600037,150.8999939,151.8099976,151.2400055,4100000,140.5722198
2017-07-20,152.1900024,150.8800049,151.4700012,150.9900055,3207400,140.339859
2017-07-21,151.2299957,150,150.9400024,150.4400024,4078000,139.8286285
2017-07-24,151.4700012,150.1100006,150.4499969,151,3655600,140.3491821
2017-07-25,153.6999969,151.3999939,151.4100037,153.1699982,4605700,142.3660889
2017-07-26,153.5,151.5500031,153.4100037,152.0899963,3017200,141.3622437
2017-07-27,152.9900055,151.4400024,152.0099945,152.5200043,3637900,141.7619324
2017-07-28,153.3000031,152.1100006,152.6699982,152.8899994,2779500,142.105835
2017-07-31,158.6600037,153.0299988,153.0800018,158.5099945,6937100,147.329422
2017-08-01,159.9700012,157.9100037,159.1000061,159.7200012,4787500,148.4540863
2017-08-02,161.5500031,158.4400024,159.1300049,161.2799988,5486300,149.9040222
2017-08-03,162.3500061,157.0599976,161.6100006,157.9100037,5562600,146.771759
2017-08-04,158.4400024,155.8300018,158.3399963,156.4400024,3117900,145.4054565
2017-08-07,157.5800018,155.3399963,156.5,156.9499969,2629500,145.8794861
2017-08-08,159.4400024,157.0299988,157.1000061,157.75,2569200,146.6230469
2017-08-09,157.5700073,156.1999969,157.1399994,156.8600006,2157600,145.7958374
2017-08-10,157.5700073,155.3699951,156.1699982,156.6399994,2764600,145.5912933
2017-08-11,157.8000031,156.4100037,156.5099945,156.6499939,1887000,145.6006012
2017-08-14,158.1999969,156.5399933,157.5899963,157.9100037,2028400,146.771759
2017-08-15,158.3800049,156.7899933,158,156.8800049,1869100,145.8144073
2017-08-16,159.8800049,157.1100006,157.2799988,159.7599945,3381800,148.9659882
2017-08-17,159.9499969,157.6399994,158.4799957,158.5700073,2650000,147.8564453
2017-08-18,158.6900024,156.9199982,157.9799957,157.0800018,2747900,146.4671173
2017-08-21,158.1699982,155.9600067,157.1900024,157.0700073,1857400,146.4577637
2017-08-22,159.4499969,157.5299988,157.5299988,158.6999969,2204600,147.9776306
2017-08-23,159.4400024,157.7799988,158.6199951,159.3699951,1731400,148.6023712
2017-08-24,160.6600037,151.0899963,160,151.3300018,10301700,141.1056061
2017-08-25,152.9400024,150.0599976,152.3699951,152.4499969,5703500,142.1499023
2017-08-28,153.2799988,151.1999969,151.8999939,152.5500031,3776400,142.2431793
2017-08-29,153.9900055,151.4600067,152.3800049,153.5599976,2446200,143.1848907
2017-08-30,154.7400055,152.8800049,153.7100067,154.4400024,2493500,144.0054779
2017-08-31,157.2599945,153.9499969,156.2200012,156.7400055,4567700,146.1500397
2017-09-01,158.5500031,157.1999969,157.5899963,158.2400055,2833500,147.5487213
2017-09-05,159.7200012,157.4700012,157.9600067,159.1399994,3413000,148.3879089
2017-09-06,159.9400024,158.0899963,159.1900024,158.8600006,2873700,148.1268158
2017-09-07,159.6000061,157.5700073,158.9700012,159.2799988,2479300,148.5184326
2017-09-08,158.5,155.0299988,158.3699951,157.3099976,3364600,146.6815338
2017-09-11,158,157.0599976,157.8899994,157.3600006,2442500,146.7281799
2017-09-12,160.6499939,157.4499969,157.6699982,160.0399933,2988400,149.2270966
2017-09-13,163.9499969,160.0099945,160.1399994,162.9900055,4202000,151.9777985
2017-09-14,162.6799927,161.6399994,162.6799927,162.3699951,2493300,151.3996735
2017-09-15,162.6699982,161.6999969,162.2400055,162.3000031,3757800,151.3344421
2017-09-18,163.4600067,160.7599945,162.1799927,160.9100037,2047100,150.0383301
2017-09-19,161.6600037,159.9499969,160.9600067,161.5599976,1790800,150.6443787
2017-09-20,163.0399933,161.2599945,161.5099945,162.8500061,2432300,151.8472595
2017-09-21,162.9299927,160.3999939,162.9299927,161.4799957,1738800,150.569809
2017-09-22,162,160.3699951,160.8999939,161.2899933,1535900,150.3926392
2017-09-25,162.6999969,160.5200043,160.8300018,162.3300018,1799600,151.3623962
2017-09-26,164.7299957,162.5899963,162.7100067,164.0700073,2370400,152.9848328
2017-09-27,165.3200073,163.3800049,164.4900055,164.4199982,2053100,153.3112183
2017-09-28,164.9499969,163.5399933,164.4700012,163.8999939,1730200,152.8263092
2017-09-29,165.0700073,163.7599945,163.8999939,164.2899933,1852300,153.1899567
2017-10-02,166.4199982,164.2899933,164.9199982,165.8899994,2267100,154.681839
2017-10-03,167.2899933,165.0299988,166.3200073,165.0800018,2839400,153.9266052
2017-10-04,165.9299927,164.6900024,165.2299957,165.2100067,1918600,154.0478363
2017-10-05,167.1199951,165.25,165.8600006,167.0700073,4715400,155.7821655
2017-10-06,159.4600067,156.5399933,159,157.0899963,18001200,146.4764252
2017-10-09,157.75,154.1100006,157.0099945,154.6100006,7028800,144.1639404
2017-10-10,157.3600006,155.0800018,155.6699982,156.8699951,5420200,146.2712555
2017-10-11,158.9600067,157.0599976,157.3000031,157.8699951,3859300,147.2036896
2017-10-12,157.9900055,156.3600006,157.8699951,157.2200012,3596300,146.5976105
2017-10-13,160.0800018,157.0899963,157.4199982,159.8500061,3634500,149.0499725
2017-10-16,159.8000031,158.3200073,159.3800049,158.8099976,2453700,148.0802307
2017-10-17,159.2700043,157.5700073,159,158.3800049,2426800,147.6792908
2017-10-18,158.8399963,157.3099976,158.8399963,157.5500031,3011300,146.9053345
2017-10-19,158.7599945,157,157.1399994,158.4600067,2981700,147.7538757
2017-10-20,161.0099945,158.5099945,158.9700012,160.7700043,3993200,149.9077911
2017-10-23,162.3899994,160.5800018,160.8500061,162.0399933,2811200,151.0919647
2017-10-24,162.8899994,161,161.1600037,162.2899933,3040700,151.325058
2017-10-25,163,160.5800018,161,162.1799927,3603900,151.2225189
2017-10-26,163.5500031,160.7899933,162.4600067,162.4600067,3038900,151.4835968
2017-10-27,162.6799927,160.6999969,160.8000031,162.3800049,3399900,151.4090576
2017-10-30,162,159.4700012,161.9900055,160.2299957,2550700,149.4042969
2017-10-31,161.2700043,159.7200012,159.8399963,161.0800018,2513600,150.1968689
2017-11-01,163.2899933,161.2899933,161.9700012,162.6900024,2129400,151.6980743
2017-11-02,165.5500031,162.6100006,163.7299957,164.9499969,3255700,153.8053741
2017-11-03,167.0700073,163.7799988,164.1600037,166.4400024,3112500,155.1947021
2017-11-06,166.5899963,164.9799957,165.8000031,165.0500031,1917300,153.8986053
2017-11-07,166.5,164.6000061,165.1999969,166.2799988,1944200,155.0455017
2017-11-08,169.1900024,166.0200043,166.6300049,169.0500031,3494300,157.6283264
2017-11-09,169.3099976,167.0500031,167.4799957,169.1100006,2094000,157.6842957
2017-11-10,171.3800049,168.0800018,168.4400024,171.3600006,2673100,159.7822876
2017-11-13,173.0899963,170.6499939,171,171.4600067,4093300,159.8755341
2017-11-14,171.8300018,169.7700043,170.8200073,171.4400024,1774300,159.8569031
2017-11-15,170.7299957,167.0599976,169.3000031,169,2439900,157.5817108
2017-11-16,171.3399963,169.1600037,170.2299957,170.9799957,2342700,159.9010162
2017-11-17,172.1999969,170.6499939,171,170.9799957,2100600,159.9010162
2017-11-20,172.5299988,170.8500061,171.1100006,172.2799988,1955000,161.1167908
2017-11-21,174.1900024,172.5500031,172.9600067,173.4199982,2360200,162.1829376
2017-11-22,174,171.1000061,173.8399963,172.4799957,1950100,161.303833
2017-11-24,173.1600037,171.5,172.3800049,171.6199951,789400,160.4995575
2017-11-27,173.0599976,171.1199951,172.25,172.6100006,2346700,161.425415
2017-11-28,174.1799927,172.5500031,173.3200073,173.6499939,2728400,162.398056
2017-11-29,177.7400055,173.5500031,174,177.5299988,4683000,166.0266266
2017-11-30,184.8999939,180.2200012,180.4299927,184.4299927,7716600,172.479538
2017-12-01,185.1799927,181.1300049,183.2599945,185.1300049,4034400,173.134201
2017-12-04,189.8800049,186.5599976,187.2200012,189.5599976,5774200,177.2771149
2017-12-05,191.2200012,186.8500061,189.6699982,187.8200073,3182800,175.6499023
2017-12-06,187.9799957,185.5099945,187.6199951,187.2200012,3569200,175.0887909
2017-12-07,187.8000031,185.5599976,186.5099945,186.1999969,2240800,174.1348267
2017-12-08,188.5299988,185.9499969,186.7899933,188.0700073,1772500,175.8836975
2017-12-11,188.8999939,187.0399933,188.2100067,188.8600006,1964100,176.6224823
2017-12-12,189.1199951,186.8000031,186.9600067,188.3000031,3365700,176.0987854
2017-12-13,190.1199951,187.8000031,188.5299988,188.2799988,3062900,176.0800781
2017-12-14,189.7400055,186.1699982,188.5800018,186.5299988,3743200,174.4434509
2017-12-15,195.3500061,192,193.4100037,192.7299957,8452900,180.2417297
2017-12-18,194.3500061,191.8999939,192.6300049,192.3099976,3492300,179.848938
2017-12-19,193,187,192.9100037,188.3300018,3959900,176.1268616
2017-12-20,189.2599945,185.3999939,189.0399933,187.5099945,3894400,175.3599396
2017-12-21,188.3999939,186.5800018,188,186.8000031,1908100,174.6959381
2017-12-22,187.4799957,185.9700012,187.2700043,186.6300049,1078300,174.5369873
2017-12-26,187.3399963,186.1199951,186.1900024,186.5500031,1120000,174.4621582
2017-12-27,187.0599976,185.8000031,186.8500061,186.3000031,1175200,174.228363
2017-12-28,187.0200043,186.1900024,186.5700073,186.6199951,1017000,174.5276031
2017-12-29,187.6000061,185.9299927,186.4600067,186.1199951,2028000,174.0600433
2018-01-02,190.6799927,186.7400055,187.2299957,188.3200073,2509300,176.1174316
2018-01-03,192.1000061,188.3800049,188.8200073,190.5800018,3364400,178.2310028
2018-01-04,192.3000031,187.5599976,192,189.1000061,3525800,176.8469696
2018-01-05,189.6799927,186.7200012,189.4299927,187.75,2819000,175.5843964
2018-01-08,188.9799957,187.25,187.3200073,188.4799957,1961800,176.2671051
2018-01-09,189.3000031,186.1499939,189.0099945,186.2899933,2241900,174.2190094
2018-01-10,186.2400055,183.8800049,185.75,185.4199982,2609500,173.4053955
2018-01-11,190.6699982,185.0299988,185.4299927,189.3800049,4678600,177.1088104
2018-01-12,192.1799927,190,190.1000061,191.8399963,3499500,179.4093781
2018-01-16,192.8399963,190.8899994,192.3500061,191.5299988,2006600,179.1194763
2018-01-17,192.5599976,191.3399963,192.5299988,192.2899933,2585200,179.8302002
2018-01-18,193.0299988,191.2200012,192.2299957,191.5099945,1908000,179.1007996
2018-01-19,192.6399994,191.1600037,191.7100067,192.2899933,2353800,179.8302002
2018-01-22,194.7599945,192.0599976,192.5,194.3800049,3009100,181.7848053
2018-01-23,194.1000061,192.0700073,193.6100006,193.4199982,2316400,180.8870087
2018-01-24,194.75,191.9299927,194.4299927,194.2400055,2799200,181.6539001
2018-01-25,198.4499969,194.7400055,195,197.9499969,3558700,185.1235046
2018-01-26,199.2299957,195.6900024,197.75,198.9100037,2756200,186.0213013
2018-01-29,199.8800049,197.5599976,198.3699951,198.3200073,2031100,185.4694977
2018-01-30,198.7899933,196.0800018,197.5899963,197.9100037,2285000,185.0860596
2018-01-31,198.4700012,194.1000061,197.4400024,194.8699951,2682300,182.243042
2018-02-01,195.3999939,192.4400024,193.4100037,193.4700012,2096600,180.9337463
2018-02-02,193.6000061,190.8000031,191.25,190.9900055,2386600,178.6144562
2018-02-05,192.1000061,182.5299988,190.6600037,182.7700043,3407200,170.927124
2018-02-06,185.2400055,176.1999969,178.9100037,185.0099945,4067900,173.0219269
2018-02-07,186.1900024,183.0700073,184.6000061,183.1900024,2594800,171.3199005
2018-02-08,184.5099945,178.5299988,184.5099945,178.6100006,3013200,167.0366516
2018-02-09,182.0700073,175.7899933,179.7799988,180.7200012,2777200,169.0099335
2018-02-12,183.2599945,180.3800049,181.8399963,181.0599976,1596200,169.3278656
2018-02-13,184.6000061,180.0500031,180.2200012,184.1499939,2123900,172.2176666
2018-02-14,188.4799957,182.3099976,182.7100067,187.3500061,2191000,175.2103424
2018-02-15,191.7100067,186.5700073,188.0899963,191.4799957,2072900,179.5518646
2018-02-16,194.6199951,191.0399933,191.4499969,191.5599976,1969300,179.6269226
2018-02-20,191.4799957,187.6300049,189.8699951,188.1199951,2202100,176.4011993
2018-02-21,189.1399994,185.6900024,188.5299988,185.75,1747200,174.1788483
2018-02-22,188.3300018,185.6600037,186.3500061,186.5899963,1360100,174.9665222
2018-02-23,189.8500061,185.9100037,187.8300018,189.8099976,1561700,177.9859619
2018-02-26,193.1000061,189.9299927,190.1000061,192.8099976,1852400,180.799057
2018-02-27,195.5200043,190.1000061,193.4499969,190.1000061,2170400,178.2579041
2018-02-28,193.7599945,190.8899994,191.6000061,190.8999939,2179800,179.0080109
2018-03-01,192.9900055,187.3200073,191.3099976,189.0299988,2447700,177.2545166
2018-03-02,190.3899994,187.2200012,187.4799957,189.3300018,2275900,177.5358429
2018-03-05,191.9799957,187.5,188.4499969,191.4799957,2155800,179.5518646
2018-03-06,192.25,190.0700073,192.1399994,191.4600067,2458700,179.5331726
2018-03-07,189.75,184.7799988,189.2100067,187.3600006,5157100,175.6885529
2018-03-08,186.3500061,183.0800018,186.1900024,185.6900024,6061500,174.1226044
2018-03-09,188.6399994,184.2200012,186.5,188.5800018,3288100,176.8325958
2018-03-12,190.1000061,187.5500031,188.2700043,189.3699951,2394100,177.5733795
2018-03-13,190.1199951,186.8000031,190.0500031,187.4600067,1964300,175.7823334
2018-03-14,189.0099945,183.5,188.7799988,184.6300049,2866000,173.1286469
2018-03-15,186.5700073,184.1600037,184.8200073,185.5099945,1811300,173.9537811
2018-03-16,186.25,184.4700012,186.1799927,185.8699951,3569400,174.2913971
2018-03-19,185.9799957,182.8099976,185.6300049,184.1499939,2493200,172.6785126
2018-03-20,187.5800018,184.6000061,185.1000061,187.3500061,1852500,175.6791992
2018-03-21,187.8899994,186.0599976,186.8300018,186.0700073,2048300,174.4789276
2018-03-22,185.5500031,182.5,184.8999939,182.6399994,2489800,171.2625732
2018-03-23,184.4499969,180.8300018,183.2799988,180.8399963,2351800,169.574707
2018-03-26,187.5599976,182.3399963,183.0299988,187.2200012,2036600,175.5572968
2018-03-27,187.6600037,182.0599976,187.4400024,183.1499939,2495300,171.7407837
2018-03-28,184.6199951,181.2299957,183.6100006,183.6100006,2168700,172.1721802
2018-03-29,188.6399994,184.4100037,184.7400055,188.4299927,3016000,176.6918793
2018-04-02,186.9100037,181.0500031,186.9100037,182.75,3599200,171.3657532
2018-04-03,184.1699982,181.3500061,183.5299988,182.6100006,2287000,171.234436
2018-04-04,186.3500061,180.9400024,181.1300049,185.5200043,2111000,173.9631805
2018-04-05,187,184.9299927,186.6999969,186.25,1933600,174.6476746
2018-04-06,187.25,183.1000061,185.3399963,183.9600067,2259000,172.5003357
2018-04-09,187.3999939,183.5,185.1999969,184.4100037,1946000,172.9223328
2018-04-10,185.9700012,182.1699982,185.75,183.5500031,2526000,172.1159058
2018-04-11,186.3699951,182.2200012,182.25,184.6499939,1697300,173.1473846
2018-04-12,190.0399933,185.4900055,185.5,188.8200073,2841600,177.0576019
2018-04-13,189.8300018,187.0099945,189.8099976,188.9100037,1744400,177.1420288
2018-04-16,195.8000031,191.3800049,191.8399963,194.5800018,3026800,182.458786
2018-04-17,196.8800049,194.7299957,195.6600037,196,2160500,183.7903595
2018-04-18,197.7700043,196.1199951,196.3000031,196.5099945,1663100,184.2685547
2018-04-19,196.3999939,193.5,196.1600037,195.0700073,2427600,182.9182739
2018-04-20,195.6699982,192.75,194.4299927,193.5599976,2252800,181.5023041
2018-04-23,194.3800049,192.2599945,193.8099976,193.3500061,1618000,181.3054199
2018-04-24,195.3600006,191.1499939,194.5399933,192.5099945,1598900,180.517746
2018-04-25,194.6699982,191.3899994,192.2299957,193.9700012,1311700,181.886795
2018-04-26,196.4400024,193.3399963,194.1199951,195.2599945,1445800,183.0964203
2018-04-27,196.9199982,194.5299988,194.9499969,196.5800018,1563100,184.3342285
2018-04-30,199.0399933,196.3899994,197.1000061,197.1600037,2165000,184.8780975
2018-05-01,197.0800018,193.5099945,196.4900055,196.5500031,1413200,184.306076
2018-05-02,195.5800018,192.4499969,195.4799957,194,2498100,181.9149017
2018-05-03,193.9900055,190.1799927,193.9199982,193.0099945,1815500,180.986618
2018-05-04,196.3999939,191.2799988,192.8399963,195.1900024,1704500,183.0307617
2018-05-07,195.8000031,192.2100067,195.7799988,193.0599976,2361900,181.0334625
2018-05-08,195.1999969,192.4199982,192.9900055,194.4799957,1908600,182.365036
2018-05-09,196.4199982,193.1499939,194.1499939,196.0399933,1999100,183.8278503
2018-05-10,196.9299927,194.1999969,196.0500031,195.4499969,1874200,183.8090057
2018-05-11,195.9799957,194.5700073,195.3300018,195.7599945,1296300,184.1005554
2018-05-14,197.2700043,195.4199982,195.9600067,195.8800049,1440900,184.2134094
2018-05-15,196.6999969,193.2599945,194.7599945,195.4799957,2319600,183.8372345
2018-05-16,199.3500061,195,196.0700073,198.7100067,2163200,186.8748779
2018-05-17,201.3500061,197.8899994,199.0599976,199.6000061,2391000,187.7118835
2018-05-18,199.5200043,197.7799988,199.5,198.9600067,1624600,187.1100006
2018-05-21,201.3399963,199.0899963,199.6000061,199.6199951,1202800,187.7306519
2018-05-22,201.7700043,198.8300018,199.7200012,198.9700012,1563600,187.119339
2018-05-23,199.0899963,196.7700043,199.0899963,198.1399994,1635100,186.3388519
2018-05-24,199.0899963,196.8200073,198.2899933,198.8899994,1176300,187.0441437
2018-05-25,200.2200012,197.8200073,198.8899994,198.3600006,1331000,186.5457306
2018-05-29,198.8399963,196,198.1000061,196.7400055,2298100,185.0222168
2018-05-30,200.5299988,197.75,198.1600037,199.6399994,2390900,187.7494659
2018-05-31,200.6999969,197.6999969,200.2200012,198.2400055,4822800,186.4328461
2018-06-01,198.9900055,195,195.4499969,197.1300049,4056400,185.3889618
2018-06-04,199.0399933,197.25,197.3200073,198.6199951,1870600,186.7902069
2018-06-05,199.3500061,196.9900055,199.2200012,197.8399963,1868500,186.0566864
2018-06-06,198.3999939,196.6999969,198.0099945,197.6600037,2066900,185.8874207
2018-06-07,202.8800049,199.4100037,200.5,202.5700073,2735000,190.5049896
2018-06-08,204.0099945,201,201.5099945,203.7599945,2052500,191.6240997
2018-06-11,204.8899994,203.4199982,203.7599945,204.5,1684800,192.3200073
2018-06-12,205.0800018,203.2299957,204.25,204.8800049,1384800,192.6773682
2018-06-13,205.8300018,203.2100067,204.9199982,204.1100006,1665800,191.9532318
2018-06-14,205.7299957,204.2899933,204.8699951,205.1199951,1685000,192.9030762
2018-06-15,207.6699982,204.5700073,205.3999939,207.3200073,3879600,194.9720306
2018-06-18,208.1100006,205.1499939,206,206.2100067,1975000,193.9281616
2018-06-19,207.8099976,204.6199951,204.8999939,207.5299988,1940600,195.1695862
2018-06-20,208.5899963,206.9600067,207.7599945,207.9799957,1527700,195.5927734
2018-06-21,211.1100006,208,208.1699982,209.9600067,1825800,197.4548035
2018-06-22,211.7700043,210.0200043,210.3699951,211.1000061,1738600,198.5269012
2018-06-25,212.0800018,209.9700012,210.0099945,211.75,2398600,199.1382446
2018-06-26,212.4600067,209.9700012,212.3800049,210.0899963,2276700,197.5770874
2018-06-27,212.4199982,209.6100006,210.5,210.0299988,2211700,197.5206604
2018-06-28,211.1900024,208.0500031,210,208.7100067,1826700,196.2792816
2018-06-29,210.5299988,208.3200073,209.6600037,208.9799957,2164600,196.5331726
2018-07-02,208.8200073,206.0500031,208.4199982,207.9900055,1876100,195.6021729
2018-07-03,209.9100037,206.8999939,208.5299988,207.1199951,842100,194.7839661
2018-07-05,209.2899933,207.5500031,208.1999969,209.1399994,1436700,196.6836548
2018-07-06,210.3899994,206.6600037,207.1399994,209.6199951,1523200,197.1350403
2018-07-09,211.7899933,210,210.5200043,210.9400024,1738300,198.3764648
2018-07-10,212.6999969,210.8300018,210.9900055,211.6999969,1687800,199.0912018
2018-07-11,211.7799988,209.9700012,211.2100067,210.9499969,1472800,198.3858337
2018-07-12,214.1699982,212.2200012,212.5399933,214.0200043,2222000,201.2730408
2018-07-13,216.6399994,213.7100067,214,216.5399933,1951200,203.6429138
2018-07-16,217.1300049,213.8999939,216.6399994,214.8500061,2078200,202.0535736
2018-07-17,216.1600037,214,214.0599976,215,2064800,202.1946411
2018-07-18,215.8800049,213.6000061,215.3399963,214.9700012,1869500,202.1664429
2018-07-19,218.1999969,214.0299988,214.4600067,217.5399933,2790800,204.5833282
2018-07-20,218.9400024,216.2400055,216.9799957,218.6900024,1793900,205.6648254
2018-07-23,220.4600067,218.1999969,219.8800049,218.8399963,1394300,205.8059387
2018-07-24,220.6799927,217.5899963,219.4100037,218.5800018,1453900,205.5614319
2018-07-25,220.8200073,217.3699951,217.6100006,220.6999969,1560200,207.55513
2018-07-26,224.6199951,220.8200073,222,221.7200012,1820000,208.5144043
2018-07-27,222.5,218.7599945,222.3099976,219.6499939,1596800,206.567688
2018-07-30,220.1199951,218.6100006,219.0399933,219.1100006,1292700,206.059845
2018-07-31,220.0700073,218.3300018,219.6900024,218.7100067,1888500,205.6836853
2018-08-01,219.1000061,216.25,218.6499939,217.1300049,1841300,204.1977997
2018-08-02,221.3999939,215.0099945,215.0099945,221.1199951,1904800,207.9501038
2018-08-03,222.6199951,221,221,222.0299988,1195700,208.8059387
2018-08-06,223.2700043,221.0099945,221.4299927,222.7200012,1285500,209.4548492
2018-08-07,225.4799957,222.9799957,223.2400055,223.8600006,1428100,210.5269623
2018-08-08,224.8800049,222.2400055,222.8600006,224.5800018,2010700,211.204071
2018-08-09,222.3500061,216.9100037,221.6199951,218.2400055,3637100,205.241684
2018-08-10,221.7200012,217.75,218.1399994,220.3099976,2830800,207.1883545
2018-08-13,221.5800018,219.0599976,221.0299988,219.5599976,1518900,206.4830627
2018-08-14,222.5599976,219.8600006,220.0099945,222,1450600,208.7777405
2018-08-15,222.1100006,218.7700043,220.7200012,221.6699982,1844100,208.4673767
2018-08-16,224.2599945,222.1399994,223.4499969,223.1900024,1657700,209.8968353
2018-08-17,225.8800049,222.1499939,222.3300018,225.6799927,1980900,212.2384949
2018-08-20,228.2200012,225.9700012,226,227.3500061,1783700,213.8090515
2018-08-21,230.1000061,227.6999969,229.4900055,228.5399933,2066700,214.9281921
2018-08-22,230.2299957,228.3800049,228.4799957,229.2100067,1267900,215.5583038
2018-08-23,230.3500061,228.5700073,229,229.5099945,1337900,215.8404236
2018-08-24,232.0599976,229.6000061,230,231.2799988,1453200,217.5050049
2018-08-27,232.8600006,228.1000061,232.7400055,230.0299988,1904100,216.3294525
2018-08-28,231.8300018,229.8399963,230.9400024,230.2599945,1882100,216.5457611
2018-08-29,232,228.7299957,231.7899933,230.1900024,1793600,216.4798889
2018-08-30,231.1600037,229.4400024,229.6199951,230.8300018,1272000,217.6206665
2018-08-31,233.5200043,230.2100067,230.2100067,233.1300049,1881300,219.7890625
2018-09-04,234.9100037,233.1399994,233.1399994,234.6799927,1858400,221.250351
2018-09-05,236.1699982,233.1999969,234.5700073,235.6100006,2126000,222.1271362
2018-09-06,236.7700043,235.0599976,235.4700012,236.6799927,1853200,223.1359253
2018-09-07,242.9499969,237.1999969,237.3099976,241.4600067,2722400,227.6423645
2018-09-10,243.8000031,242.1199951,243,243.1799927,2817300,229.2639313
2018-09-11,245.1600037,243.1699982,243.9299927,244.2100067,2185700,230.2350311
2018-09-12,245.1199951,242.2299957,245,242.4400024,1912000,228.5662994
2018-09-13,243.9900055,241.0500031,242.5,241.2700043,2078200,227.4632568
2018-09-14,239,234.4700012,239,235.3800049,3875300,221.9103241
2018-09-17,234.5899963,231.5099945,234.0599976,232,2884600,218.7237549
2018-09-18,235.4700012,231.6999969,231.9799957,234.3500061,2000200,220.9392395
2018-09-19,234.7400055,232.4199982,234.6199951,233.8500061,1581400,220.4678497
2018-09-20,235,232.3200073,234.6000061,233.9199982,1910100,220.5338593
2018-09-21,235.8399963,234.0099945,234.3699951,234.7599945,3717800,221.3257751
2018-09-24,234.8500061,232.8999939,234.1900024,233.3399963,1530400,219.98703
2018-09-25,234.6600037,232.7299957,234.0299988,232.9299927,1889700,219.6004791
2018-09-26,235.6600037,233.4499969,233.5700073,233.8099976,2008500,220.4301605
2018-09-27,235.6699982,232.3399963,233.6999969,234,1421400,220.6092682
2018-09-28,235.4700012,233.7899933,233.8600006,234.8800049,1602800,221.4389191
2018-10-01,236.5299988,234.4299927,235.8099976,234.6499939,1673100,221.2220917
2018-10-02,237.5700073,233.8699951,234.1000061,236.3500061,1647600,222.8248291
2018-10-03,237.3099976,232.7299957,236.6199951,233.1999969,2322300,219.8550415
2018-10-04,234,230.6600037,233.2599945,231.6799927,2862800,218.4220428
2018-10-05,227.0599976,217.7899933,225,218.8200073,7379000,206.2979736
2018-10-08,224.5,219.2599945,219.3399963,223.9299927,3863500,211.1155548
2018-10-09,225.1499939,222.5599976,224.1499939,224.1699982,2502800,211.3417816
2018-10-10,225,221.0399933,224.1000061,221.0500031,3021400,208.4003296
2018-10-11,225.3200073,220.9299927,222.9100037,221.8200073,3650900,209.1262665
2018-10-12,227.6199951,223.3899994,225.1999969,226.9499969,3130500,213.9627228
2018-10-15,226.9400024,224.25,226.25,224.5099945,2441900,211.6623535
2018-10-16,228.2599945,224.3200073,224.8699951,227.6799927,2541800,214.6509552
2018-10-17,228.8800049,225.5099945,228.4499969,228.4900055,2129300,215.4145813
2018-10-18,230.6499939,226.25,228.5399933,228.5800018,2624600,215.4994507
2018-10-19,230.6300049,228.7200012,228.8999939,229.6699982,2099800,216.5270386
2018-10-22,230.25,227.2700043,229.8800049,229.0599976,2007300,215.9519653
2018-10-23,229.2599945,223.8200073,227.0700073,228.75,2656700,215.6596985
2018-10-24,231.0899963,223.0899963,225.9299927,223.7599945,3100200,210.9552612
2018-10-25,227.5899963,222.8399963,224.0599976,226.3999939,2218900,213.4442291
2018-10-26,225,217,222.3099976,218.1900024,3995400,205.7040253
2018-10-29,224.8899994,218.75,219.75,222.4199982,3801400,209.6919098
2018-10-30,228.2100067,223.0099945,223.1000061,227.9199982,2410500,214.8771973
2018-10-31,230.5599976,225.5599976,228.6499939,228.6300049,2674600,215.5466003
2018-11-01,230.8000031,227.5399933,228.1799927,229.6000061,2095000,216.4610748
2018-11-02,232.2299957,227.1799927,229.8099976,230.1600037,2167200,216.9890137
2018-11-05,234.8899994,229.8000031,230.7100067,234.4499969,2513900,221.0335083
2018-11-06,237.4900055,234.1799927,235,236.7100067,2101300,223.1641998
2018-11-07,240.8800049,236.9400024,238.75,240.3699951,2603600,226.6147308
2018-11-08,239.8000031,237.0299988,238.5099945,238.6999969,2140600,225.5752716
2018-11-09,240.2599945,237.0700073,237.9700012,237.7400055,2256700,224.668045
2018-11-12,239.1999969,234.1300049,237.6399994,234.4799957,2301400,221.5872803
2018-11-13,236.4199982,232.7700043,234.75,234.1399994,1548100,221.265976
2018-11-14,237.1199951,231.7100067,237.1199951,233.3099976,1896500,220.4815979
2018-11-15,232.6499939,227,232.3200073,229.9400024,2722300,217.296936
2018-11-16,231.1199951,226.5200043,229.3000031,231.0200043,2822400,218.3175354
2018-11-19,233.5,227.8099976,231.6100006,228.7400055,1949500,216.1628723
2018-11-20,225,218.0500031,224.9199982,219.3099976,3704800,207.2513885
2018-11-21,222.0299988,217.4499969,220.5599976,218.5700073,2036500,206.552063
2018-11-23,221.1799927,217.6600037,218.1000061,220.0599976,1007500,207.9601288
2018-11-26,223.4799957,218.8999939,222.8500061,219.4499969,2205600,207.3836823
2018-11-27,223.1199951,218.3800049,219.3699951,223.0099945,2369800,210.7479401
2018-11-28,230.4600067,222.1900024,222.7799988,230.3399963,2765600,217.6749115
2018-11-29,231.5899963,228.3600006,229,231,1478700,218.2986145
2018-11-30,233.3899994,229.6999969,231.6900024,231.2799988,2764000,218.5632172
2018-12-03,232.1999969,228.2100067,230.7200012,232.0800018,2481500,219.3192291
2018-12-04,233.3000031,225.5599976,232.1100006,226.3500061,3418600,213.9042816
2018-12-06,233.8600006,226.6000061,227.9400024,233.1999969,4029800,220.3776398
2018-12-07,233.8099976,223.0299988,233.1499939,224.8600006,2881900,212.4962158
2018-12-10,225.1999969,219.1100006,224.5399933,222.6600037,2650000,210.4172211
2018-12-11,227.25,224,225.1199951,226.5,2466800,214.0460663
2018-12-12,230.4499969,227.0700073,228.3500061,227.8000031,2891400,215.2745667
2018-12-13,229.6199951,225.4799957,228.8399963,226.5099945,2170200,214.055481
2018-12-14,219,205.5099945,218,207.0599976,8822300,195.6749725
2018-12-17,208,200.6600037,206.6799927,202.2299957,4739400,191.1105194
2018-12-18,204.6699982,201.5700073,203.0899963,202.9900055,3308500,191.8287659
2018-12-19,207,199.8600006,203.5,201.4100037,3369600,190.3356171
2018-12-20,200.6999969,193.6799927,200.3300018,197.1300049,4250900,186.2909393
2018-12-21,200.6999969,194.3200073,197.1600037,194.5200043,5080200,183.8244476
2018-12-24,195.3300018,189.8000031,193.8999939,189.9900055,2031700,179.5435486
2018-12-26,198.7799988,189.5099945,190.8200073,198.6300049,3268800,187.7084656
2018-12-27,201.1300049,193.9600067,196.9600067,201.0800018,2705900,190.0237579
2018-12-28,204.9499969,199.5899963,201.8200073,202.0399933,2037800,190.930954
2018-12-31,204.3899994,201.3800049,203.3800049,203.7100067,1729400,192.5091553
2019-01-02,205.1000061,199.8500061,200.5,204.7599945,2143100,193.5013885
2019-01-03,205.9400024,200.0399933,203.6999969,200.4199982,2877700,189.4000397
2019-01-04,207.9299927,201.4499969,203.0800018,206.2400055,2761600,194.9000549
2019-01-07,209.1199951,203.5399933,205.5200043,207,2226600,195.6182556
2019-01-08,209.0800018,204.1799927,208.6499939,208.5500031,2366500,197.0830231
2019-01-09,211.2200012,207.9199982,209.1499939,209.8999939,1862900,198.3587952
2019-01-10,210.8999939,206,208.1499939,210.6399994,2340700,199.0580902
2019-01-11,211.25,209.3099976,210.0399933,210.5099945,1861100,198.9352417
2019-01-14,210.6499939,208.1600037,209.4700012,209,1523100,197.5082855
2019-01-15,211.3399963,209.0800018,210.0399933,211.0299988,1681900,199.4266205
2019-01-16,211.4600067,209.5,211.4600067,210.1799927,1455000,198.6233826
2019-01-17,211.6499939,209.6499939,209.8699951,211.4600067,1517100,199.8330231
2019-01-18,214.1600037,211.7700043,212.5599976,213.5899963,2115400,201.8458862
2019-01-22,215.5599976,210.8000031,213,212.3999939,3310800,200.7213135
2019-01-23,214.8500061,210,213,212.0899963,2220200,200.42836
2019-01-24,212.3899994,208.8999939,212.3899994,210.3099976,1994400,198.7462463
2019-01-25,212.3200073,208.7400055,212.0299988,209.0700073,2252300,197.5744019
2019-01-28,210.7899933,207.3099976,208.6799927,210.7700043,1999400,199.1809387
2019-01-29,210.5399933,208.5700073,210.3200073,210.3099976,1636500,198.7462463
2019-01-30,212.1699982,209.3200073,210.4799957,211.3500061,1589800,199.7290802
2019-01-31,214.8800049,209.7200012,211.1399994,214.6300049,4341100,202.8286896
2019-02-01,215,209.3699951,214,210.2700043,3453700,198.7084656
2019-02-04,211.1900024,207.8999939,210.6999969,211.1799927,1630300,199.5683441
2019-02-05,212.5200043,209.6399994,211.4900055,211.6100006,2074500,199.9748077
2019-02-06,212.2599945,210.4799957,212.2599945,211.6000061,1618800,199.9652863
2019-02-07,210.1000061,206.2700043,210.0700073,209.0500031,2526600,198.0891266
2019-02-08,208.4900055,205.75,207.8300018,207.75,2013700,196.8572998
2019-02-11,208.9199982,206.7599945,208.6499939,208.7200012,2376600,197.7764282
2019-02-12,212.75,209.2599945,210.0599976,211.8999939,2091200,200.7897339
2019-02-13,213.5099945,211.3000031,212.2299957,212.8000031,1703000,201.6425171
2019-02-14,214.5500031,211.1399994,212,213.8399963,1411100,202.6279755
2019-02-15,217.25,214.0399933,215.1499939,216.4700012,2635500,205.1200562
2019-02-19,219.6000061,216.5099945,216.6699982,218.1199951,1938100,206.6835785
2019-02-20,219.0700073,215.0599976,218.2299957,217.1100006,1785600,205.726532
2019-02-21,216.7200012,214.3300018,216.6000061,215.2299957,1615300,203.9451141
2019-02-22,216.5899963,214.25,215.1699982,216.2899933,1542500,204.9494934
2019-02-25,219.0899963,216.5500031,217.3699951,217.0500031,1794000,205.669693
2019-02-26,218.9100037,216.1300049,216.8899994,217.6100006,1884100,206.2003326
2019-02-27,218.8600006,216.4499969,216.5099945,218.0500031,1482700,206.6172333
2019-02-28,219.6900024,217.5200043,218.4900055,218.7400055,2055600,207.2710876
2019-03-01,220.5700073,215.7700043,219.7599945,219.4400024,2178200,207.9343719
2019-03-04,221.0800018,215.8699951,220.4299927,218.4100037,2444700,206.9583588
2019-03-05,221.6100006,218.8999939,218.9100037,219.8200073,2160200,208.2944489
2019-03-06,221.9100037,218.2299957,220.5,219.2299957,1985300,207.7354126
2019-03-07,219.3899994,216.2200012,218.1300049,216.7899933,3279100,205.4233093
2019-03-08,228.6999969,223.7700043,225.4799957,227.8200073,6782700,215.875
2019-03-11,229.9100037,227.0599976,227.5299988,229.6900024,3748400,217.6469421
2019-03-12,233.3999939,229.8999939,230.3200073,232.9600067,2647100,220.7454987
2019-03-13,237.4499969,232.9499969,234.25,236.3800049,2421200,223.9861908
2019-03-14,236.3800049,233.2799988,236.1300049,233.8399963,2300300,221.5793762
2019-03-15,235.6499939,233.1799927,234.1699982,233.6000061,5075400,221.3519287
2019-03-18,236.6799927,233.4900055,233.5800018,236.5899963,1735400,224.1851654
2019-03-19,238.0500031,236.2899933,237.5200043,237.0500031,1852300,224.621048
2019-03-20,238.4900055,235.7799988,237.0299988,236.9799957,1499500,224.554718
2019-03-21,239.8500061,236.5500031,236.6799927,239.5399933,1617000,226.9804688
2019-03-22,240.3399963,236.8999939,239.75,237.5599976,1873600,225.1042938
2019-03-25,238.0800018,235.7899933,236.9299927,236.9700012,1357100,224.5452118
2019-03-26,240.25,237.3600006,238,239.0700073,1193000,226.5351105
2019-03-27,240.2100067,238.1600037,238.7100067,239.4100037,1351200,226.8572845
2019-03-28,241.9499969,239.5800018,239.9799957,241.2200012,1396700,228.572403
2019-03-29,242.4400024,240.7700043,241.6600037,242.1399994,1968000,229.4441376
2019-04-01,244.4100037,242.5800018,243.0700073,244.1900024,1610200,231.3866882
2019-04-02,244.1900024,240.3099976,244,240.5,1574300,227.8901825
2019-04-03,243.5500031,241.0200043,241.6900024,242.4799957,1663600,229.7663116
2019-04-04,244.7599945,241.25,242.1699982,244.3999939,1319700,231.5856628
2019-04-05,247.0899963,244.0099945,244.9600067,245.8699951,1616200,232.9785919
2019-04-08,246.8300018,245.1999969,245.9900055,246.5200043,1244200,233.5945129
2019-04-09,245.6799927,244.0099945,245.1100006,244.9100037,1450200,232.068924
2019-04-10,246.6699982,244.7100067,245.2799988,245.6100006,1556600,232.7322388
2019-04-11,244.1799927,240.9199982,243.6199951,241.2400055,2719800,228.5913696
2019-04-12,242.7200012,240.8999939,241.5099945,241.9499969,2187600,229.2641144
2019-04-15,246.75,241.9600067,242.3699951,246.3300018,1859700,233.414505
2019-04-16,246.8200073,244.25,246.6499939,245.3399963,1360500,232.4763489
2019-04-17,246.4600067,244.3200073,246.3000031,245.5599976,1363000,232.684845
2019-04-18,247.25,244.6999969,246.7899933,245.8099976,1365000,232.9217224
2019-04-22,245.7700043,242.5599976,245.1900024,243.4199982,1300000,230.6570587
2019-04-23,246.5299988,242.2100067,244.6499939,245.5800018,1524600,232.7037964
2019-04-24,248.6999969,245.6000061,245.6799927,247.9600067,1156400,234.9589996
2019-04-25,247.1499939,243.9400024,246.2100067,245.6000061,1278200,232.7227631
2019-04-26,245.8899994,242.0599976,245.6199951,243.8200073,1842900,231.0360718
2019-04-29,245.75,243.4900055,245,244.2799988,1429700,231.4719543
2019-04-30,245.7899933,243.0200043,244.7700043,245.5299988,1427600,232.6563873
2019-05-01,245.4600067,241.5500031,245.3399963,241.5899963,1350400,228.9230042
2019-05-02,242.8899994,240.4199982,241.7599945,242.6900024,1237600,229.965332
2019-05-03,244.8800049,242.7200012,243.2700043,244.6199951,905900,231.7941437
2019-05-06,244.8300018,242.0599976,242.8500061,244.2299957,1194900,231.4246063
2019-05-07,242.7400055,238.2200012,241.7200012,240.1799927,1775200,227.5869141
2019-05-08,243.0500031,238.1900024,239.5599976,241.3399963,1611900,228.6860962
2019-05-09,244.0599976,240.1600037,240.6600037,243.4700012,1919300,231.3274536
2019-05-10,248.5500031,240.0299988,242.9400024,247.0200043,2036500,234.7004395
2019-05-13,244.9299927,240.6699982,244.1199951,241.9199982,1962800,229.8547821
2019-05-14,245.0899963,241.8099976,242.2899933,242.7299957,1635100,230.6243591
2019-05-15,245.3999939,241.2299957,242.1100006,244.6699982,1194800,232.4676208
2019-05-16,249.7299957,245.2100067,245.6300049,247.4400024,1800600,235.0995026
2019-05-17,250.0500031,245.5899963,245.8800049,248.3500061,1672000,235.9640961
2019-05-20,249.9400024,247.1499939,247.1499939,248.8999939,1600500,236.4866486
2019-05-21,250.8300018,248.1000061,249.1100006,249.9299927,1504200,237.4653015
2019-05-22,251.0099945,249.1399994,251.0099945,249.5099945,1242300,237.0662079
2019-05-23,249.9199982,247.1799927,248.6300049,248.5299988,1822800,236.1351013
2019-05-24,249.5599976,246.7700043,249.1100006,247.3000031,1340200,234.9664764
2019-05-28,250.1999969,246.1399994,248.5800018,246.3099976,3164100,234.0258026
2019-05-29,244.7700043,238.9100037,244.1300049,240.6900024,2594900,228.6861267
2019-05-30,243.5800018,240.75,242.1499939,241.5399933,2030300,229.4937286
2019-05-31,240.6600037,233.0500031,238.9799957,239.5800018,4058100,227.6314697
2019-06-03,241.5399933,238.0800018,239.7799988,241.0700073,2512500,229.0471802
2019-06-04,245.8200073,242.5,243,245.6100006,1761500,233.3607483
2019-06-05,248.7599945,245.0200043,246.1000061,247.9600067,1825500,235.5935059
2019-06-06,251.9400024,247.7400055,248,251.2100067,1487800,238.6814423
2019-06-07,256.6000061,251.0200043,251.1600037,256.0100098,2270200,243.2420654
2019-06-10,258.8299866,256.1099854,256.3999939,256.8500061,1839500,244.0401611
2019-06-11,259.6199951,256.2099915,258.9100037,257.1099854,1613500,244.2871704
2019-06-12,258.75,255.7700043,257.5799866,257.230011,1071700,244.4012604
2019-06-13,259.8699951,257.5499878,257.7099915,259.7099915,1228500,246.7575226
2019-06-14,261.2000122,258.9100037,260,260.1499939,1287800,247.1755829
2019-06-17,262.25,260.4299927,261.1300049,261.4299927,1191900,248.3917236
2019-06-18,264.2000122,262.0499878,263.6099854,262.7399902,2763200,249.6363983
2019-06-19,264.1000061,260.9400024,262.3099976,263.6600037,1628400,250.5105591
2019-06-20,267.7900085,264.5499878,265,267.3500061,1745100,254.01651
2019-06-21,268.9400024,265.9899902,266.769989,266.1300049,2964000,252.8573761
2019-06-24,267.9700012,266.519989,267.3099976,266.769989,1586100,253.4654388
2019-06-25,267.0799866,265.3599854,266.7099915,266.3599854,1182400,253.0758972
2019-06-26,266.8200073,264.3399963,266.4500122,264.4100037,1334400,251.2231445
2019-06-27,266.480011,262.9899902,264.8999939,265.5799866,1122900,252.3347931
2019-06-28,266.3900146,263.3599854,265.5,264.2600098,1952500,251.0806274
2019-07-01,267,261.8399963,266.4299927,263.5499878,1955800,250.4059753
2019-07-02,265.5700073,261.6700134,263.9200134,265.4700012,1201300,252.2302704
2019-07-03,269.1600037,265.1400146,265.1400146,269.1400146,986500,255.7173157
2019-07-05,268.6099854,266.269989,268.2000122,268.25,1081500,254.8716278
2019-07-08,269.6900024,267.3500061,268.3299866,269.3999939,1236000,255.9642792
2019-07-09,270.7799988,268.4899902,269.3599854,269.9700012,1400300,256.5058899
2019-07-10,271.5299988,269.3399963,270.0499878,271.4200134,1257000,257.8835144
2019-07-11,276.769989,271.8099976,272.3299866,276.5400085,1985600,262.7481689
2019-07-12,280,276.0100098,276.5,279.4400024,2046400,265.50354
2019-07-15,280.7000122,278.8999939,279.9400024,280.5799866,1568000,266.5866699
2019-07-16,281.3699951,279.7799988,281,280.6499939,1379200,266.6531982
2019-07-17,282.8500061,280.2200012,281.0499878,281.5599976,1716600,267.5177917
2019-07-18,283.0599976,279.1900024,282.2000122,282.9100037,1696100,268.8005371
2019-07-19,284.3099976,281.3500061,283.0700073,281.5100098,1607600,267.4702759
2019-07-22,282.3200073,279.3200073,281.2200012,280.1700134,1459100,266.197113
2019-07-23,282.0799866,279.019989,281.8500061,280.1000061,1117800,266.1306152
2019-07-24,281.2399902,279.0100098,279.8299866,280.8299866,1257100,266.8242188
2019-07-25,281.9400024,279.3399963,281.2000122,279.7999878,1600200,265.8455505
2019-07-26,281.769989,279.1199951,279.7999878,281.3699951,1447700,267.3372803
2019-07-29,281.2999878,279.5400085,281.0100098,280.1300049,1257400,266.1591492
2019-07-30,280.5700073,279.1000061,280.269989,279.5,978200,265.5605774
2019-07-31,279.7200012,272.6300049,279.019989,275.6300049,1886900,261.8835449
2019-08-01,280.9299927,274.3099976,275.75,274.5700073,2634300,260.8764343
2019-08-02,274.9400024,270.5,274.2999878,272.5,1969200,258.9096375
2019-08-05,270.5499878,262.7099915,270.0899963,265.1000061,3329800,251.8787231
2019-08-06,270.230011,264.0499878,266.4700012,269.3099976,2383000,255.8787231
2019-08-07,274.8599854,263.5899963,268.1799927,274.2999878,3037500,260.619812
2019-08-08,274.8399963,271,273.0400085,274.7999878,2046700,261.0949097
2019-08-09,275.4700012,271.9100037,274.5799866,273.9400024,1284300,260.277832
2019-08-12,274.980011,269.2999878,274.0299988,271.3099976,1638600,257.7789917
2019-08-13,278.1600037,270.0100098,271.1799927,276.2600098,1724600,262.4821472
2019-08-14,275.3599854,268,274,268.1499939,2122100,254.7765656
2019-08-15,272.9700012,268.769989,270.5299988,271.519989,1623200,257.9784851
2019-08-16,276.0700073,273.4400024,274.1000061,274.1000061,1230800,260.4298401
2019-08-19,277.3800049,274.5499878,276.4100037,275.6099854,1313400,261.8644714
2019-08-20,276.3599854,272.8500061,276.2799988,272.9700012,1390600,259.3562317
2019-08-21,276.5400085,274.7000122,275.4100037,275.6799927,1682300,261.9311218
2019-08-22,280.9899902,276.8699951,277.0100098,279.9200134,2345500,265.9596252
2019-08-23,280.1300049,272.7000122,278.2099915,274.0100098,1984300,260.3443298
2019-08-26,278.5299988,275.6900024,275.75,278.4599915,1426400,264.5723572
2019-08-27,293.4400024,280.3399963,281,292.3800049,5169000,277.7982178
2019-08-28,299.9500122,292.4200134,293.75,294.4899902,5162100,279.8029785
2019-08-29,297.730011,292.7600098,297.480011,296.5700073,2613100,282.4025269
2019-08-30,298.2799988,292.8299866,298,294.7600098,1801000,280.6789856
2019-09-03,294,290.4599915,292.5700073,292.0499878,1842900,278.0984192
2019-09-04,296.2999878,293.769989,294,296.1199951,1375700,281.973999
2019-09-05,299.7099915,296.6799927,298.4299927,296.9700012,1865300,282.7835083
2019-09-06,304.6400146,298.2900085,299.2000122,303.7600098,3018100,289.249115
2019-09-09,307.3399963,298.2099915,304.5,299,3397200,284.7164917
2019-09-10,298.25,294.5799866,297.3800049,297,2725000,282.8120117
2019-09-11,295.7399902,287.8099976,294.2999878,290.6900024,4754700,276.8034668
2019-09-12,292.75,288.6799927,290.3399963,289.8900146,2942600,276.041687
2019-09-13,294.0700073,289.8500061,290.2000122,291.8999939,2306300,277.955658
2019-09-16,291.3800049,288.3399963,290.5700073,288.6900024,1508900,274.8989868
2019-09-17,291.7900085,288.6900024,289.5599976,291.4100037,1758900,277.4890442
2019-09-18,293.5700073,288.7999878,290.7000122,292.4299927,1666000,278.4603271
2019-09-19,289.7600098,284.7099915,289.4899902,287.8299866,3004700,274.0800171
2019-09-20,289.4100037,286.1400146,288.75,286.3599854,3409500,272.6802673
2019-09-23,288.1300049,285.75,286.3599854,287.5700073,2025400,273.832489
2019-09-24,292.6199951,286.3999939,289.2999878,287.9100037,2483200,274.15625
2019-09-25,289.6799927,286.8699951,288.2600098,288.5100098,1827800,274.7276306
2019-09-26,289.8099976,286.6000061,289.4299927,288.2600098,1877300,274.489502
2019-09-27,289.5299988,284.3999939,289.5299988,285.9500122,1538100,272.2899475
2019-09-30,288.6199951,286.5700073,287.7000122,288.1099854,2151500,274.3466492
2019-10-01,288.6799927,283.1799927,288.0400085,283.9299927,2648900,270.366333
2019-10-02,285.7900085,282.2200012,283.230011,285.1099854,2480600,271.4899597
2019-10-03,290.8599854,281.6000061,285.3900146,289,3590200,275.1940918
2019-10-04,291.9500122,283.3200073,287.8500061,291.6700134,4513300,277.7366028
2019-10-07,295.6900024,290.5,291.0400085,293.4100037,1988700,279.3934937
2019-10-08,295.5799866,290.4500122,292.9500122,291.8900146,2201100,277.9460754
2019-10-09,298.5700073,293.1099854,293.1099854,296.8999939,2235500,282.7167358
2019-10-10,299.480011,296.2600098,298.6300049,297.1400146,1637500,282.945343
2019-10-11,300.7600098,297.3599854,298.0700073,297.6000061,1855500,283.3833008
2019-10-14,300.3399963,297.5,298,297.519989,1297600,283.3071899
2019-10-15,299.6400146,297.230011,298.3200073,298.3900146,1580700,284.1355896
2019-10-16,298.9700012,295.0799866,296.7999878,298.7799988,1811100,284.506958
2019-10-17,302.6099854,298.8500061,298.8500061,302.3999939,1734600,287.9540405
2019-10-18,304,300.980011,302,302.8599854,1853900,288.3920593
2019-10-21,303.5100098,300.1700134,303,301.0799866,1322900,286.697052
2019-10-22,304.8800049,299.9500122,301.6099854,299.9700012,1955600,285.6401672
2019-10-23,300.0499878,297.1799927,299.5799866,297.3200073,1798700,283.1166992
2019-10-24,298.2799988,294.5599976,295.0499878,297.0499878,2056700,282.8596191
2019-10-25,297.25,295.1099854,295.519989,296.5,1686200,282.3359375
2019-10-28,299.0899963,295.2099915,295.7000122,298.9400024,1672600,284.6593323
2019-10-29,298.9400024,295.8099976,298.2099915,295.8599854,1295300,281.7264404
2019-10-30,300.25,295.9700012,296.9200134,299.8399963,1264300,285.5163574
2019-10-31,299.6199951,294.5499878,298.3599854,297.1099854,2277400,283.531311
2019-11-01,298.4200134,295.5,297.9899902,296.0899963,1364500,282.5580139
2019-11-04,298.2200012,295.1700134,297.1600037,296.8200073,1651600,283.2546387
2019-11-05,299.6900024,295.8099976,297.0899963,299.1799927,2204500,285.5067749
2019-11-06,301.6499939,297.9299927,299.9700012,301.5700073,1675000,287.7875366
2019-11-07,307.1000061,302.480011,303.9299927,305.2099915,2399400,291.2612305
2019-11-08,304.2900085,301.2799988,302.7399902,302.6199951,1501600,288.7895203
2019-11-11,302.3299866,299.7000122,301.5499878,300.8399963,1160900,287.0909424
2019-11-12,302.730011,298.6600037,300.8299866,300.5,1540800,286.766449
2019-11-13,304,299.519989,300.1799927,302.8999939,1517900,289.0567322
2019-11-14,305.8900146,302.269989,304.3900146,304.5899963,1336400,290.6694946
2019-11-15,305.4400024,301.6000061,305.3099976,303.6600037,1706100,289.782074
2019-11-18,306.3800049,302.75,303.1099854,304.5400085,1241300,290.6218872
2019-11-19,304.6400146,301.4500122,304.5,302.2399902,1761400,288.4269104
2019-11-20,303.1700134,298.0100098,302.4400024,300.5700073,1979500,286.8332825
2019-11-21,301.8699951,299.519989,300.6900024,300.269989,1302500,286.5469666
2019-11-22,301.9400024,297.230011,301.9400024,299.3099976,1277300,285.6308594
2019-11-25,300.6300049,297.5499878,300.2900085,299.0499878,1613000,285.3827515
2019-11-26,301.3500061,298.8200073,299.2600098,301.2399902,3359100,287.4726563
2019-11-27,302.7900085,300.5700073,301.8200073,300.7600098,1906500,287.0145874
2019-11-29,300.8900146,299.6600037,300.8200073,299.8099976,981600,286.1080322
2019-12-02,300.2000122,294.269989,299.75,297.3900146,2705500,283.798584
2019-12-03,296.1900024,292.7000122,295.1300049,295.6700134,1921400,282.1572266
2019-12-04,297.1600037,295.1499939,296.0400085,296.519989,1742000,282.9683228
2019-12-05,297.1300049,292.5,297.1300049,293.1000061,1941100,279.7046509
2019-12-06,295.9899902,294.2600098,294.980011,294.9500122,1462000,281.4700928
2019-12-09,297.1900024,294.5499878,295,295.1600037,1960000,281.6705017
2019-12-10,296.6900024,294.5499878,296.0299988,295.7799988,1565900,282.262207
2019-12-11,296.3500061,293.0499878,296,295.2999878,1749800,281.8040771
2019-12-12,297.7600098,294.1199951,295.269989,297.3399963,2742700,283.7509155
2019-12-13,295,289.1000061,294.6400146,291.8699951,5195600,278.5308838
2019-12-16,294.4599915,292.8500061,293.0299988,293.5,2410000,280.0863953
2019-12-17,296.2999878,292.75,293.5,295.5499878,2474100,282.0426941
2019-12-18,296.3599854,291.8200073,295.9899902,291.8699951,3309800,278.5308838
2019-12-19,293.8099976,291.5,292.0599976,293.7099915,2333600,280.2868042
2019-12-20,295.019989,292.7799988,293.8500061,294.8299866,4866500,281.3555298
2019-12-23,295.3099976,293.0299988,294.9100037,293.3099976,1309800,279.9051208
2019-12-24,294.4500122,293.3599854,293.9100037,294.230011,543600,280.7829895
2019-12-26,295.730011,293.8999939,294.4899902,295.730011,1101800,282.214447
2019-12-27,296.2999878,293.1799927,296.2200012,294.1099854,1439100,280.6685181
2019-12-30,295.6099854,293.6600037,294.2000122,295.1400146,1238900,281.6514587
2019-12-31,295.4500122,292.1799927,295,293.9200134,1550700,280.4871826
2020-01-02,294.5799866,291,294.0599976,291.4899902,2103600,278.1682434
2020-01-03,292.8999939,289.3299866,290.0499878,291.730011,1926000,278.3972778
2020-01-06,292.0700073,288.6199951,290.5499878,291.8099976,2655100,278.4736633
2020-01-07,291.6900024,289.2799988,291.3200073,291.3500061,1963400,278.0346069
2020-01-08,295.480011,290.5,290.9899902,294.6900024,2492800,281.2220154
2020-01-09,301.9599915,297.7099915,298.5499878,299.4200134,3261200,285.7358398
2020-01-10,300.269989,296.6600037,300,297.2399902,2024200,283.6553955
2020-01-13,300.6499939,296.7999878,296.9200134,299.8699951,1778600,286.1653137
2020-01-14,301,298.5799866,299.25,299.75,1459900,286.0507202
2020-01-15,301.0400085,298.0400085,298.3500061,300.8200073,1604000,287.0718689
2020-01-16,304.0599976,300.980011,301.3900146,303.0299988,1758600,289.1808167
2020-01-17,305.2999878,303.0299988,303.3999939,304.6799927,2506500,290.7554016
2020-01-21,313.3399963,305.7600098,306.2000122,313.2600098,3585900,298.9432983
2020-01-22,313.5599976,310.2099915,313.3999939,311.8900146,2218900,297.6359558
2020-01-23,313.3999939,310.730011,312.019989,312.8800049,1535900,298.580658
2020-01-24,314.2799988,309.1000061,314.019989,310.5100098,1986100,296.3190002
2020-01-27,311.769989,305.6499939,306.1499939,309.4500122,2265100,295.3074036
2020-01-28,311.7099915,309.1000061,310.5100098,310.8500061,1571700,296.6434631
2020-01-29,311.9700012,309.3900146,310.8599854,309.5799866,1713700,295.431427
2020-01-30,309.6400146,306.6700134,308.8399963,309.4700012,1232600,295.3265076
2020-01-31,309.1799927,304.5599976,308.5499878,305.519989,1837000,291.5570374
2020-02-03,308.5799866,301.6700134,307,302,2816800,288.1979065
2020-02-04,305.9100037,302.7600098,304.5700073,304.8999939,1982300,290.965332
2020-02-05,309.5899963,305.3999939,307,308.9500122,1731800,294.8302917
2020-02-06,311.8399963,307.8500061,309.3500061,310.6099854,1917900,297.0393982
2020-02-07,313.8099976,309.1199951,310,313.6300049,1903500,299.9274292
2020-02-10,316.9400024,312.6000061,313.7600098,313.7900085,2336300,300.0803833
2020-02-11,314.4299927,310.4700012,314.0299988,310.6799927,2047500,297.1062927
2020-02-12,315.480011,310.769989,310.769989,315.1199951,1384600,301.3522949
2020-02-13,318.7900085,313.5400085,314.8500061,318.2000122,1438000,304.29776
2020-02-14,319.8099976,316.9500122,318.8699951,318.3099976,1113400,304.4029541
2020-02-18,323.480011,318.6099854,319,322.0499878,1547100,307.9795227
2020-02-19,324.5299988,321.730011,322.0799866,323.019989,1413600,308.9071045
2020-02-20,325.0700073,321.0100098,322.3200073,324.0799866,1427500,309.9208374
2020-02-21,325.2600098,321.0299988,322.5599976,321.9500122,2239000,307.8839722
2020-02-24,320,313.2600098,315.5,313.6199951,2300400,299.9178467
2020-02-25,316.5700073,304.3999939,315,304.8699951,2881800,291.5501099
2020-02-26,311.2999878,304.6799927,307.5499878,305.6900024,2236000,292.3342896
2020-02-27,305,293,301.980011,293.1300049,3625300,280.3230896
2020-02-28,287.3299866,271.2799988,285.25,281.1400146,7091800,268.8569031
2020-03-02,309.5100098,291.3800049,294.4400024,309.1400146,7563800,295.633606
2020-03-03,314.1700134,301.0299988,309.1400146,302.730011,5131400,289.5036621
2020-03-04,320.9700012,305.019989,308.2900085,320.7399902,4219300,306.7267456
2020-03-05,324.5100098,313.2000122,315.769989,315.7600098,6407700,301.9643555
2020-03-06,317.4899902,302.75,312.1400146,311.3399963,6185500,297.7374268
2020-03-09,310.3299866,293,295.8500061,301.980011,5203100,288.786377
2020-03-10,309.730011,294.4200134,307.9700012,309.3999939,4245500,295.8822021
2020-03-11,307.7900085,294.1900024,300.8599854,297.4299927,3622700,284.4352417
2020-03-12,295.6300049,276.3399963,280.4400024,279.8500061,7307600,267.623291
2020-03-13,303.25,278.269989,288.8299866,302.269989,6100100,289.0637207
2020-03-16,299.5299988,279.5100098,281.8299866,283.1799927,5465500,270.8077698
2020-03-17,307.1900024,286.2999878,289,306.9899902,7170600,293.5775146
2020-03-18,318,296,298,307.5,6701800,294.0652161
2020-03-19,313.8500061,302.6300049,310.4100037,305.2200012,5429500,291.8848572
2020-03-20,308.0100098,287.019989,307.9200134,290.4200134,6581200,277.7315063
2020-03-23,295.6700134,278.4200134,292.0100098,285.5299988,5646400,273.0551147
2020-03-24,297.3500061,282.8299866,294.5899963,284.9400024,7124200,272.4908752
2020-03-25,290.7200012,279.2099915,284.2099915,280.8599854,5639600,268.5891113
2020-03-26,293.730011,280.8599854,281.3399963,292.2999878,5463100,279.5293274
2020-03-27,293.4899902,283.3299866,287.1300049,284.3299866,4250400,271.9075623
2020-03-30,291.6799927,285.8399963,287.4899902,291.1199951,4396000,278.4008484
2020-03-31,291.519989,284,287.4200134,285.1300049,5618600,272.6726074
2020-04-01,288.7999878,280.8999939,282.3599854,286.7799988,3745800,274.2504883
2020-04-02,292.7799988,282.8200073,284.3800049,291.480011,3500600,278.7451477
2020-04-03,292.3399963,285.7999878,289.1600037,288.6499939,2650100,276.0387878
2020-04-06,305.4899902,289.5700073,293,305.1199951,5272500,291.7891541
2020-04-07,310,303.2200012,306.5,303.6300049,4036500,290.3643188
2020-04-08,307.4200134,302.2799988,305.1099854,305.9700012,3964400,292.6020203
2020-04-09,304.3500061,297.5799866,299.4500122,300.0100098,6487600,286.9024963
2020-04-13,303.9500122,297.6600037,298.5799866,299.6199951,3120400,286.529541
2020-04-14,314.75,301.25,302.75,314.1400146,4288300,300.4151306
2020-04-15,313.75,306.8200073,311.6400146,310.269989,2937300,296.7142029
2020-04-16,322.6300049,312.0400085,314.730011,321.5599976,3940000,307.5109253
2020-04-17,322.1300049,314.019989,321.3099976,317.9200134,3688000,304.0299988
2020-04-20,318.3800049,311.5299988,317.9500122,312.0799866,3156300,298.4451294
2020-04-21,311.8900146,299.3500061,311.1400146,301.3299866,3833000,288.1647949
2020-04-22,311.1300049,302.0400085,304,309.4200134,2970600,295.9013977
2020-04-23,309.6400146,304.7900085,307.0299988,305.3999939,2625200,292.0569458
2020-04-24,310.8299866,305.5100098,307.3299866,310.5499878,2019400,296.9819946
2020-04-27,313.2900085,307.5899963,313.0499878,308.7799988,2287300,295.2893066
2020-04-28,311.269989,304.2799988,310.8299866,304.9500122,2425900,291.6266785
2020-04-29,308.6799927,301.1199951,304.9500122,307.0899963,3667700,293.6731567
2020-04-30,307.8999939,302.5700073,306.1499939,303,3794300,290.4238586
2020-05-01,304.8200073,300.1799927,301.7799988,301.9200134,2525400,289.3887329
2020-05-04,305.5299988,300.0700073,303,304.4899902,2477500,291.8519592
2020-05-05,309.7999878,303.4400024,305.0599976,307.9200134,2460900,295.1396484
2020-05-06,311.0400085,306.5400085,309.9200134,308.8900146,2406700,296.069397
2020-05-07,309.8699951,304.5299988,309.3399963,305,2601800,292.3408203
2020-05-08,307.1799927,303.7000122,305.8999939,305.9400024,2337400,293.2418213
2020-05-11,311.8299866,305,305.6400146,310.3299866,1865900,297.4496155
2020-05-12,311.5499878,304.7900085,310.8399963,304.8399963,2264900,292.187439
2020-05-13,306.3999939,300.1199951,304.8399963,302.1400146,2954900,289.5996094
2020-05-14,302.8800049,294.5400085,301.0100098,299.7399902,3718900,287.2991333
2020-05-15,299.8299866,295.8599854,299.0700073,299.2099915,4577200,286.7911987
2020-05-18,303.1900024,299.9200134,301.7200012,302.7600098,3987300,290.1938477
2020-05-19,309.019989,303.1499939,304.6199951,304.6300049,3523000,291.9862366
2020-05-20,307.9200134,303.2000122,306.769989,304.9100037,2827000,292.2546082
2020-05-21,305.0400085,301.25,304.7900085,301.9700012,2492100,289.436615
2020-05-22,303.9400024,300.8299866,302.0100098,302.4299927,2366400,289.8775024
2020-05-26,306.8999939,303.5299988,306.0100098,304.7999878,3234600,292.1491089
2020-05-27,306.3099976,299.4700012,304.5599976,306.0100098,2980200,293.30896
2020-05-28,311,306.8999939,307.25,309.5599976,4301900,296.7115479
2020-05-29,308.8800049,302.3500061,304.2000122,308.4700012,4971800,295.6668396
2020-06-01,309.7399902,306.4599915,307.8999939,308.2900085,2293700,295.4943237
2020-06-02,309.019989,304.7200012,307.9500122,307.0899963,2528900,294.3441162
2020-06-03,308.2000122,305.9200134,307.5,306.6400146,2165900,293.9128418
2020-06-04,315.3500061,309.0899963,310.8500061,310.75,4553900,297.8521729
2020-06-05,313.6300049,307.2900085,313.1300049,312.0400085,4375600,299.088623
2020-06-08,311.2900085,306.4599915,310.6600037,307.1900024,3764500,294.4399414
2020-06-09,308.6000061,305.1700134,307.5,305.5499878,3155800,292.8680115
2020-06-10,308.6300049,305.6499939,306.480011,307.3299866,2713700,294.5740967
2020-06-11,309.2000122,300.6400146,306.9899902,300.8299866,3443000,288.3438416
2020-06-12,305.1499939,296.25,302.6700134,298.7000122,4020000,286.3023376
2020-06-15,298.0700073,293.8399963,297.0499878,297.1799927,3266800,284.845459
2020-06-16,302.7399902,299.2200012,301.3500061,301.3599854,2633800,288.8518677
2020-06-17,302,298.8999939,301.019989,299.6099854,2188400,287.17453
2020-06-18,300.8099976,297.7900085,300,299.5700073,1881800,287.1362
2020-06-19,301.8999939,298.6400146,300.1799927,299.8999939,3438000,287.4525452
2020-06-22,301.480011,298.25,299.7000122,300.4500122,2094400,287.9797058
2020-06-23,304.8999939,300.730011,301.730011,301.2900085,2409600,288.7848511
2020-06-24,301.2799988,296.6000061,300.769989,298.019989,2398100,285.6505737
2020-06-25,301.1499939,295.3999939,297.0599976,300.5299988,2274300,288.056366
2020-06-26,302.1199951,295.9500122,300.4100037,296.5599976,2866000,284.2511902
2020-06-29,301.6300049,296.8299866,297.4400024,301.5899963,1841700,289.0723267
2020-06-30,304.6199951,300.1400146,301.0100098,303.2099915,2391700,290.6251221
2020-07-01,305.5799866,300.75,302.5,304.75,1906100,292.1012268
2020-07-02,308.9200134,304.6000061,306,305.7399902,2540500,293.0500793
2020-07-06,311.5599976,307.2399902,307.5299988,311.4899902,2332400,298.5614624
2020-07-07,318.0499878,309.7200012,310.019989,316.230011,3346600,303.1047058
2020-07-08,318.0499878,314.0100098,317.1400146,316.3200073,2364500,303.1910095
2020-07-09,328.980011,319.6799927,320,325.5400085,5313600,312.0283813
2020-07-10,327.3999939,323.1099854,326,326.230011,2484100,312.6896973
2020-07-13,329.1099854,321.5,326.2999878,322.9200134,2583200,309.5170898
2020-07-14,328.6600037,320.4500122,321.3200073,328,1844800,314.3862305
2020-07-15,329.3200073,325.6199951,328.1000061,326.7000122,1770700,313.1401978
2020-07-16,327.8999939,324.0599976,326.6199951,326.269989,1402000,312.7279968
2020-07-17,327.7999878,324.5799866,327.2999878,324.7900085,1768100,311.3094788
2020-07-20,327.4400024,322.6600037,324.8900146,326.5100098,1863300,312.9580994
2020-07-21,331.4899902,326.5,327,327.7399902,1874200,314.1369629
2020-07-22,329.6600037,325.0100098,329.6499939,328.2999878,1312600,314.6737671
2020-07-23,330.3800049,325.3299866,328.1000061,326.1099854,1561700,312.574585
2020-07-24,328.75,324.6700134,326.2200012,325.7799988,1423400,312.2583923
2020-07-27,329,325.1799927,325.6799927,327.6000061,2083300,314.0028687
2020-07-28,330,325.8200073,327.9700012,327.5700073,1374000,313.9740906
2020-07-29,328.0400085,325.3900146,327.019989,326.1400146,1341300,312.6033936
2020-07-30,326.4500122,322,322.6900024,324.8200073,1390300,312.0079041
2020-07-31,326.3099976,322.5499878,324.8200073,325.5299988,2149900,312.6898499
2020-08-03,329.8900146,324.2999878,325.5499878,329.3200073,2480200,316.3303528
2020-08-04,339.8200073,328.9200134,329.5599976,339.7900085,3933300,326.3873901
2020-08-05,342.730011,337.5899963,341.8599854,339.9700012,2923700,326.5602722
2020-08-06,345.1199951,341.6099854,342.4100037,343.3099976,2104300,329.7684937
2020-08-07,344.730011,339.6300049,343.1400146,340.9100037,1759000,327.4631958
2020-08-10,341.0700073,338.5799866,340.7099915,340,1503800,326.5890808
2020-08-11,340.8500061,331.7999878,340.8500061,332.4299927,2065600,319.3176575
2020-08-12,338.8999939,333.1700134,333.75,336.7600098,1853900,323.4769592
2020-08-13,339.4599915,335.1300049,336.9899902,335.7000122,1536500,322.4587097
2020-08-14,338.7600098,335.6000061,336.5299988,336.2799988,1522900,323.0158386
2020-08-17,340.3699951,337.3599854,337.6499939,339.9599915,1504700,326.5506897
2020-08-18,342.7999878,336.8099976,341,340.75,1489400,327.3095093
2020-08-19,341.9400024,339.9500122,341.1199951,340.8999939,1730100,327.4536133
2020-08-20,341.6600037,338.7399902,340.1400146,340.8699951,1717500,327.4247742
2020-08-21,345.8399963,339.3299866,340.0700073,344.6099854,2372600,331.0172119
2020-08-24,346.1099854,342.1099854,345.1099854,344.1300049,1461500,330.5562134
2020-08-25,344.9100037,341.4599915,344.1400146,344.7099915,1176200,331.1133118
2020-08-26,344.8299866,341.6900024,343.0100098,344.269989,1757000,330.6906433
2020-08-27,347.7399902,342.5499878,345.6099854,346.3599854,2220700,332.6982422
2020-08-28,349.0599976,345.5,347.4700012,348.3699951,1487300,334.6289978
2020-08-31,348.75,344.2900085,346.8500061,347.6600037,1586900,333.9469604
2020-09-01,351.4899902,345.4100037,345.7099915,351.3800049,1773700,337.5202332
2020-09-02,359.9200134,351.3099976,353.6099854,358.8599854,2434900,344.7051697
2020-09-03,363.6700134,345.519989,363.0700073,348.2999878,3630400,334.561676
2020-09-04,353.980011,340.3999939,353.980011,346.5700073,2557000,332.9000244
2020-09-08,344.9200134,338.1799927,343.8399963,338.8599854,2144300,325.4940796
2020-09-09,349.7000122,340.3900146,340.8999939,346.4299927,2100900,332.7654724
2020-09-10,348,338.7600098,346.269989,339.5299988,1959600,326.1376343
2020-09-11,343.2600098,336.1000061,340.2799988,339.1300049,1599600,325.7533875
2020-09-14,344.8399963,340.4700012,340.9899902,342.9200134,1522300,329.3939514
2020-09-15,347.7600098,342.75,345.019989,343.9100037,1362500,330.3449097
2020-09-16,348.7600098,343.25,347.269989,343.730011,1656500,330.1720276
2020-09-17,342.8900146,336.3699951,339.5799866,338.8800049,2681500,325.5133362
2020-09-18,341.2200012,331.2000122,340.2000122,335.9599915,3409300,322.7084961
2020-09-21,339.6199951,333.7099915,333.9700012,339.5700073,2427400,326.1760559
2020-09-22,344.8999939,339.5899963,340.7000122,344.4500122,2128100,330.8636169
2020-09-23,348.25,344.0599976,348,344.6300049,3577100,331.036499
2020-09-24,347.3299866,338.3099976,345,347,5779300,333.3130188
2020-09-25,343.769989,335.3599854,340.7399902,342.5799866,7338500,329.0673523
2020-09-28,349.769989,343.1000061,343.7600098,349.6199951,3459200,335.8296204
2020-09-29,354.2900085,347.1000061,348.9500122,352.1400146,2526000,338.2502747
2020-09-30,357.7000122,351.1700134,352.5599976,355,2525800,340.9973755
2020-10-01,359.6900024,354.8200073,356.2600098,358.4599915,2053000,344.3209229
2020-10-02,357.8399963,352.8500061,354.730011,355.0100098,2125000,341.0070801
2020-10-05,358.980011,355.3299866,355.3299866,358.5799866,2093500,344.4362488
2020-10-06,363,357.0400085,361.8999939,358.3500061,2760400,344.2153625
2020-10-07,364.7399902,359.6600037,360.4700012,363.019989,1959100,348.7010803
2020-10-08,365.9700012,361.75,364.7999878,365.0899963,1793100,350.6894531
2020-10-09,369.75,365.7000122,366,369.4599915,1730700,354.8871155
2020-10-12,380.6600037,370.769989,371,376.480011,2806900,361.6302185
2020-10-13,382.2900085,376.480011,378.4200134,380.6799927,1823300,365.6645203
2020-10-14,383.8699951,376.7000122,382.8900146,378.3399963,1904400,363.4168091
2020-10-15,378.3599854,373.0599976,376.4599915,376.5799866,1697800,361.7261963
2020-10-16,384.8699951,379.1199951,380.5,381.5400085,2459400,366.4906006
2020-10-19,383.0899963,374.7099915,382.0299988,375.5599976,1938100,360.7464905
2020-10-20,382.0799866,376.1199951,377.6900024,378.3099976,1282300,363.388031
2020-10-21,381.2799988,377.019989,378.5599976,377.8200073,1466500,362.9173584
2020-10-22,378.3800049,372.0299988,377.3500061,375.75,1813200,360.9290161
2020-10-23,376.519989,373.5599976,375.6099854,374.6000061,1108000,359.8243408
2020-10-26,372.6300049,366.1199951,366.6799927,370.7099915,2145000,356.0878296
2020-10-27,374.9100037,368.769989,368.769989,372.7200012,1525400,358.0184937
2020-10-28,372.4100037,364.6700134,367.3299866,364.9599915,1908300,350.5645752
2020-10-29,369.0899963,362.5100098,363.230011,364.8599854,1838500,351.1420593
2020-10-30,363.8500061,355.7900085,361.1300049,357.6199951,2724100,344.1742859
2020-11-02,365.6600037,360.7099915,362.2200012,364.3900146,1646300,350.6896973
2020-11-03,374.7999878,367.8900146,368.9400024,371.9599915,2013100,357.9750671
2020-11-04,381.6400146,374,374.019989,376.1700134,2449800,362.026825
2020-11-05,386.5799866,379.5,382.480011,385.230011,2255800,370.7461853
2020-11-06,386.7999878,380.8900146,381.8800049,385.6600037,1950200,371.1599731
2020-11-09,389.5,364.7600098,388.25,365,4371300,351.2767639
2020-11-10,371.5400085,360.5899963,363.8800049,366.6199951,2662600,352.8358765
2020-11-11,374.7000122,368.1600037,369.6799927,372.9200134,1688800,358.8990173
2020-11-12,378.2399902,373.5,376.9500122,375.7099915,1535900,361.5840454
2020-11-13,379.8299866,374.9899902,376.519989,378.8399963,1274600,364.596405
2020-11-16,381.2799988,376.9100037,376.9100037,379.7900085,1691500,365.5106812
2020-11-17,388.480011,381.7900085,387.3200073,381.9200134,3299100,367.5606079
2020-11-18,388.0499878,381.730011,382.8900146,382.230011,2134600,367.8589172
2020-11-19,384.7099915,380.3099976,383.6099854,383.5400085,1768900,369.119751
2020-11-20,385.5,381.0100098,383.9500122,381.1199951,1807600,366.7907104
2020-11-23,383.0599976,380.3399963,383,381.7099915,1679600,367.3585205
2020-11-24,386.0499878,380.7099915,383.6900024,384.2200012,2061100,369.7741394
2020-11-25,388.3399963,385.5599976,385.7900085,387.75,2034200,373.1714172
2020-11-27,390.6700134,387.75,390.4599915,388.3900146,1329400,373.7874146
2020-11-30,393.1499939,385.230011,391.75,391.769989,3733800,377.0402527
2020-12-01,388.0700073,381.1799927,384.5,387.5599976,2996800,382.7585144
2020-12-02,386.8800049,381.5700073,385.4700012,383.5,2212800,378.7488098
2020-12-03,378.730011,373.2799988,378,374.0499878,3976400,369.4159241
2020-12-04,375.3099976,371.8900146,375.2099915,373.4299927,2839700,368.8036194
2020-12-07,376.5,372.6499939,374.269989,373.3299866,2652900,368.7048035
2020-12-08,379.519989,370.75,373.9500122,377.6000061,2685500,372.9219666
2020-12-09,381,372.7999878,379.8800049,374.2900085,2461600,369.6529236
2020-12-10,375,371.5599976,374.2900085,372.7900085,2566300,368.1715698
2020-12-11,379.769989,372.5400085,379.769989,375.1000061,3483900,370.4529419
2020-12-14,378.1799927,373.2099915,376.5599976,374.3800049,2778400,369.7418518
2020-12-15,375.6900024,369.2999878,374.5,371.8800049,2133900,367.2728271
2020-12-16,372.8399963,368.8500061,371.1600037,369.4400024,2385100,364.8630066
2020-12-17,370.9700012,368,370.2600098,370.2900085,2314200,365.7024841
2020-12-18,371.3599854,365.9299927,371.1000061,367,4140000,362.4532166
2020-12-21,366.1199951,361.8099976,365.0899963,364.9700012,2329700,360.4484253
2020-12-22,364.7600098,360.6099854,364.1000061,362.0299988,2105500,357.5448303
2020-12-23,363.1000061,359.5,362.4500122,361.8900146,1782100,357.4065857
2020-12-24,365.3399963,361.4100037,361.4100037,364.5799866,972500,360.0632019
2020-12-28,371.6900024,365.0799866,365.5,371.0599976,3207700,366.4629517
2020-12-29,373.2600098,370.2600098,372.25,372.7200012,2072600,368.102356
2020-12-30,375.8599854,373.2799988,374.2000122,374.4500122,1778000,369.8109436
2020-12-31,377.0400085,372.4599915,374.9899902,376.7799988,1628900,372.1120911
2021-01-04,381.5499878,374.8099976,377.4299927,380.1499939,3322200,375.4403076
2021-01-05,380.2099915,375.25,378.8599854,375.7399902,2748400,371.0849609
2021-01-06,375.7999878,369.6499939,373.8200073,370.019989,2661400,365.4358215
2021-01-07,371.6499939,366.7900085,371.0100098,367.9200134,2849500,363.3618774
2021-01-08,370.2600098,364.2900085,368.1199951,369.9400024,2599700,365.356842
2021-01-11,371,363.8599854,368.5799866,364.0100098,2562500,359.5002441
2021-01-12,365.0700073,360.25,364,364.2000122,2387600,359.6879272
2021-01-13,368.7399902,363,364.3699951,366.9500122,1968800,362.4038696
2021-01-14,366.5,361.5599976,366,362.3500061,2363900,357.8608704
2021-01-15,364.9100037,360.7999878,361.0599976,362.1600037,2340400,357.6732178
2021-01-19,362.9500122,352.4400024,362.3599854,354.4700012,4533800,350.0784607
2021-01-20,361.8999939,353.4100037,354.3900146,361.2999878,2767200,356.8238525
2021-01-21,363.9899902,359.9400024,361.2999878,362.7999878,2121600,358.3052979
2021-01-22,364.6300049,359.8500061,363.2000122,362.2999878,1960300,357.8114624
2021-01-25,361.9599915,356.8200073,360.8599854,361.8800049,2735900,357.3966675
2021-01-26,365.8999939,358.8800049,360.2000122,364.980011,1807000,360.4582825
2021-01-27,365.7999878,354.8500061,362.9899902,356.3900146,3120800,351.9747009
2021-01-28,361.6099854,356.0700073,356.8500061,357.0599976,2251100,352.6363831
2021-01-29,356.2900085,351.8800049,354.75,352.4299927,2598700,348.0637512
2021-02-01,352.7900085,349.2099915,351.2099915,350.519989,2371200,346.1774292
2021-02-02,357.7000122,350.7200012,351.7600098,355.5799866,1905000,351.1747437
2021-02-03,357.5299988,353.2099915,356.230011,355.2099915,1759800,350.8092957
2021-02-04,358.3800049,353.8500061,356.7099915,355.8500061,3411600,352.1353455
2021-02-05,356.8500061,354.1000061,356.5499878,355.1700134,2165600,351.4624634
2021-02-08,360.0400085,355.5700073,356.5700073,359.8299866,2520700,356.0737915
2021-02-09,361.6700134,358.2999878,360.0400085,359.5599976,2154000,355.8066101
2021-02-10,361,355.1199951,361,356.1199951,2162400,352.4024658
2021-02-11,356.5,351.3900146,355.730011,352.2000122,2088400,348.523468
2021-02-12,352.980011,350.1000061,351.9899902,352.75,2096600,349.067688
2021-02-16,355.3599854,352.0400085,353.0799866,354,1829000,350.3045959
2021-02-17,358.1700134,351.9100037,353.1099854,358.0400085,2143000,354.3024597
2021-02-18,358.2000122,352.2799988,352.2799988,356.9200134,1914900,353.1941528
2021-02-19,357.9299927,354.5799866,356.6900024,354.769989,1839400,351.0665894
2021-02-22,353.2900085,348.8200073,352.75,350.2099915,2215600,346.5541687
2021-02-23,351,342.0299988,349.7999878,342.1499939,3692600,338.5783386
2021-02-24,342.5,337.8900146,341.7900085,340.7000122,3305800,337.1434937
2021-02-25,343,333.3500061,340.8500061,333.8999939,3618100,330.4144592
2021-02-26,335.8900146,330.9400024,335.5100098,331,3362200,327.5447083
2021-03-01,336,331.3599854,335.2099915,331.769989,4653200,328.3067017
2021-03-02,334.6900024,328.4200134,333.6900024,328.4599915,4660100,325.0312195
2021-03-03,328.4200134,323.7600098,328.1700134,323.9200134,4064200,320.5386047
2021-03-04,325.6000061,315.0400085,323.3699951,319.0400085,5501200,315.7095947
2021-03-05,318.4299927,307,315.3299866,317.3200073,8102800,314.0075684
2021-03-08,322.3299866,310.9200134,318.9100037,311.4200134,4873500,308.1691589
2021-03-09,320.2799988,312.7099915,313.7600098,318.7799988,5426800,315.4522705
2021-03-10,327.3900146,317.3200073,321.1400146,323.8299866,4523500,320.4495544
2021-03-11,331.25,326.7200012,330.4100037,328.6499939,4338900,325.2192688
2021-03-12,331.6300049,325.6000061,328.1000061,331.1400146,3182100,327.6832886
2021-03-15,333.6799927,327.3200073,333.6000061,330.5100098,3243000,327.059845
2021-03-16,330.0299988,326.6400146,329.6700134,327.25,3066700,323.8338928
2021-03-17,330.5,324.1199951,326,329.1900024,2672400,325.7536011
2021-03-18,328.1400146,322.3800049,326.480011,322.980011,2736900,319.6084595
2021-03-19,329.25,322.3900146,323.6099854,328.9100037,4859300,325.476532
2021-03-22,336.1700134,328.1900024,328.4500122,334.4899902,4064900,330.998291
2021-03-23,342.5100098,333.7999878,333.8900146,340.3399963,3641200,336.7872009
2021-03-24,342.5100098,336.8299866,342.2200012,338.0400085,3006400,334.511261
2021-03-25,347.7799988,337.269989,337.8099976,346.3399963,4307100,342.7246094
2021-03-26,352.4599915,344.1000061,346.2099915,352.019989,3061200,348.3452454
2021-03-29,357.769989,351.0100098,351.4500122,356.1499939,3012000,352.4321899
2021-03-30,354.769989,348.8399963,353.5799866,349.75,2602400,346.0989685
2021-03-31,357.4500122,349.230011,350.6600037,352.480011,2832200,348.8005066
2021-04-01,357.3200073,351.6300049,352.5400085,354.9400024,2938600,351.2348633
2021-04-05,362.6700134,356.8399963,357.5,360.8200073,2705700,357.0534363
2021-04-06,362.7999878,359,359.7999878,360.1199951,2142000,356.3607178
2021-04-07,361.4599915,357.6099854,360.8699951,358.8099976,1808400,355.0644531
2021-04-08,366.019989,359.6000061,362.7999878,361.2200012,2839200,357.4492493
2021-04-09,363.7099915,359.6000061,360.9100037,363.2099915,1610800,359.4184875
2021-04-12,365.25,361.3399963,362.8399963,364.8099976,1836600,361.0018005
2021-04-13,367.2999878,364.269989,365.3399963,365.2099915,1796400,361.3976135
2021-04-14,364.8500061,362.5499878,364.8500061,363.1700134,1509400,359.3789368
2021-04-15,369.5499878,364.269989,364.8800049,368.7999878,1850100,364.9501343
2021-04-16,372.7999878,368.5799866,369.7000122,370.7200012,2249200,366.8500671
2021-04-19,371.5299988,368.2000122,371,369.5499878,1560000,365.6922913
2021-04-20,375.3599854,368.730011,369,371.730011,2330700,367.8495789
2021-04-21,374.5799866,371.4700012,371.6099854,374.0899963,1531800,370.184906
2021-04-22,375.4400024,370.0299988,374.3399963,371.2600098,2138000,367.3845215
2021-04-23,374.8500061,370.4100037,371.2600098,373.2799988,1404500,369.3833923
2021-04-26,373.8999939,368.2099915,373.8999939,368.519989,2059700,364.6730652
2021-04-27,370.9599915,365.2900085,368.1700134,370.2099915,1875900,366.3453979
2021-04-28,370.5,368.1799927,369.5499878,369.5899963,1305600,365.7319031
2021-04-29,374.7099915,368.5299988,368.5400085,373.5400085,1848300,370.4324341
2021-04-30,374.1600037,371.3299866,372.9100037,372.0899963,2118900,368.9945374
2021-05-03,379.6199951,372.8900146,373.8399963,379.3200073,2685800,376.1643677
2021-05-04,379.230011,373.75,379.0299988,375.2900085,2133800,372.1678772
2021-05-05,377.519989,372.0499878,376.3500061,372.5,1905300,369.401123
2021-05-06,382.9400024,373.1900024,373.1900024,382.7600098,2641400,379.5757751
2021-05-07,386.4500122,382.2000122,382.8299866,384.3200073,1817100,381.1228027
2021-05-10,387.8900146,381.2799988,385.4899902,381.480011,1998700,378.3063965
2021-05-11,380.9200134,376,379.3099976,378.1799927,1859700,375.033844
2021-05-12,376.9400024,371.1099854,376,372.2000122,2344600,369.1036072
2021-05-13,381.4400024,371.5700073,373.0899963,379.5299988,2023100,376.3725891
2021-05-14,385.8200073,380.1000061,382.1400146,384.4200134,1876100,381.2219543
2021-05-17,387.0499878,382.8999939,385.0400085,383.9599915,1830800,380.7657471
2021-05-18,389.4500122,382.5100098,386.4500122,382.8099976,1698200,379.6253357
2021-05-19,381.730011,376.1300049,377.1499939,379.6600037,1725000,376.5015259
2021-05-20,384.519989,378.2799988,379.1799927,383.5799866,1427300,380.3888855
2021-05-21,385.3500061,380.4299927,385.0499878,380.7200012,1706600,377.5527344
2021-05-24,385.7600098,381.8900146,384.3399963,383.4500122,1657000,380.2600098
2021-05-25,385.7399902,382.0299988,383.6199951,385.3800049,1379700,382.1739197
2021-05-26,387.75,385.019989,385.8599854,385.6199951,1648000,382.4119873
2021-05-27,387.769989,383.5,385.1300049,387.5,4452000,384.2763367
2021-05-28,385.3099976,377.0299988,384.1499939,378.269989,4681200,375.1231079
2021-06-01,380.2000122,375.5,379.9299927,378.230011,2117800,375.0834351
2021-06-02,381.9200134,377.7099915,378.3800049,380.5899963,1881000,377.4238281
2021-06-03,384.1900024,378.8599854,379.6400146,383.8699951,1780300,380.6765137
2021-06-04,387.7600098,383.7099915,384.1900024,387.519989,1765900,384.2961426
2021-06-07,386.4500122,378.5700073,385.4700012,380.3999939,2515800,377.2353821
2021-06-08,381.2099915,377.6900024,380.4100037,379.7000122,1553800,376.5412292
2021-06-09,381.7799988,379.1300049,380.2099915,379.9599915,1398900,376.7990112
2021-06-10,383.3599854,379.4899902,380.269989,383.0100098,1404000,379.8236389
2021-06-11,383.8599854,380.5299988,383.8599854,381.8299866,1404200,378.6534729
2021-06-14,383.980011,379.0799866,380.7900085,383.7600098,1652600,380.5674133
2021-06-15,384.5,381.5599976,383.7600098,383.9100037,1252000,380.7161865
2021-06-16,386.4400024,377.1199951,384.3999939,379.4100037,1801700,376.2536011
2021-06-17,386.4700012,379.2099915,380.3800049,384.75,1686500,381.5491943
2021-06-18,384.9100037,380.2999878,384.75,380.8800049,3415700,377.7113953
2021-06-21,387.6499939,380.5599976,382.25,386.7999878,1631600,383.5820923
2021-06-22,392.5,386.5599976,387.019989,392.1799927,1934800,388.9173889
2021-06-23,393.4400024,390.5899963,393,391.9700012,1538000,388.709137
2021-06-24,395.5,391.7999878,393.4200134,392.0700073,1487300,388.8083191
2021-06-25,394.5499878,391.25,392.9700012,394.5100098,2056100,391.2279968
2021-06-28,397.4200134,393.1300049,395,396.5400085,1645500,393.2411194
2021-06-29,399.4400024,395.4700012,396.2999878,398.7900085,1523600,395.4724121
2021-06-30,400.4700012,395,397.9700012,395.6700134,2031700,392.3783569
2021-07-01,397.6900024,393.8800049,396.2999878,394.5299988,1523400,391.2478027
2021-07-02,400.769989,396.1099854,396.2099915,398.9400024,1676600,395.6211243
2021-07-06,401.3999939,397.1099854,399.8399963,398.8599854,2113100,395.5417786
2021-07-07,406.1199951,399.2000122,399.2000122,404.6799927,2308600,401.313385
2021-07-08,408.6400146,403.1600037,403.5,407.1499939,2235500,403.7628174
2021-07-09,414,407.5899963,408.5499878,412.3699951,2304200,408.9393921
2021-07-12,414.3500061,404.5299988,414.0400085,407.8800049,2491300,404.4867859
2021-07-13,409.2900085,404.7000122,404.7000122,407.0599976,1540300,403.673584
2021-07-14,410.4700012,407.2600098,408.5799866,409.9500122,1265800,406.5395508
2021-07-15,412.2000122,407.8800049,410.4599915,411.8200073,1894100,408.3939819
2021-07-16,413.4200134,409.769989,412.1199951,410.3699951,1413900,406.9560852
2021-07-19,415.3200073,410.0499878,410.0599976,414.1499939,2293100,410.7045898
2021-07-20,418.0700073,412.8500061,414,416.2399902,2045400,412.7771912
2021-07-21,417.1099854,412.2200012,417.1099854,415.0100098,1480000,411.5574646
2021-07-22,418.6000061,413.5499878,416,417.5400085,1339200,414.0664063
2021-07-23,423.9899902,417.0499878,418.2900085,423.4299927,1344500,419.9073792
2021-07-26,424.5,420.3500061,423.3999939,423.230011,1220000,419.7090454
2021-07-27,424.5599976,421.6000061,424,424.3399963,1666500,420.8098145
2021-07-28,424.8599854,420.5400085,423.269989,422.2200012,1362700,418.7074585
2021-07-29,425.8500061,420.3599854,421.6799927,425.2799988,1434200,422.5325928
2021-07-30,431.5,425.9400024,425.980011,429.7200012,2283900,426.9439392
2021-08-02,430.7099915,425.480011,430.6199951,428.9200134,1366900,426.1490784
2021-08-03,436.7999878,429.1199951,429.9200134,435.0700073,1448100,432.2593689
2021-08-04,437.9899902,432.8900146,436,435.0400085,1280500,432.2295227
2021-08-05,443.5,436.730011,437.75,443.1900024,1742600,440.3269043
2021-08-06,443.4599915,438.8999939,442.730011,439.6300049,1789800,436.7898865
2021-08-09,442.7799988,439.3099976,440.6499939,440.4700012,1472500,437.6244507
2021-08-10,443.7999878,440.6600037,440.6600037,443.0299988,1893700,440.1679382
2021-08-11,448,441.7999878,445.5,444.2999878,2267500,441.4296875
2021-08-12,446.6300049,442.25,443,445.3599854,1230700,442.4828491
2021-08-13,448.3599854,444.5400085,445.7799988,447.8200073,1309300,444.927002
2021-08-16,453.1900024,447.0499878,447.9100037,452.8599854,1515600,449.9344177
2021-08-17,453.7799988,449.7000122,452.8599854,452.3399963,1936700,449.4178162
2021-08-18,455.2399902,445.8999939,450.9599915,446.2099915,2030100,443.3273621
2021-08-19,455.5,441.3099976,442.9500122,454.2600098,1953700,451.3254089
2021-08-20,460.6199951,453.6600037,455.4899902,458.9899902,1911200,456.0248413
2021-08-23,459.0599976,454.5899963,457.269989,454.9299927,1835900,451.9910278
2021-08-24,455.3900146,450.2999878,455.25,451.7900085,1541700,448.8713684
2021-08-25,452.8200073,447.3200073,450.8299866,451.230011,1520600,448.3149414
2021-08-26,452.480011,446.7000122,451.230011,449.3099976,1418600,446.4073486
2021-08-27,451.6199951,446.7999878,449.3099976,450.3399963,1310200,447.4306946
2021-08-30,456.5899963,450.4400024,451.0400085,455.9299927,1219800,452.9845886
2021-08-31,456.8800049,452.4400024,456.1400146,455.4899902,1699000,452.5474243
2021-09-01,456.6799927,451.8500061,455.480011,456.519989,1325400,453.5707397
2021-09-02,461.4400024,458.3900146,459.4200134,460.9700012,1455000,457.9920349
2021-09-03,463.6000061,459,459,462.5499878,1302400,459.5617981
2021-09-07,463.2000122,457.6300049,462.5,459.6000061,1463400,456.6308899
2021-09-08,465.8299866,458.0799866,459.1099854,465.7000122,1372000,462.6914673
2021-09-09,469.769989,465.2399902,467.3399963,465.9400024,1398700,462.9299316
2021-09-10,468.3999939,463.2000122,467.1700134,465.1600037,1324800,462.1549683
2021-09-13,468.2399902,458.2000122,467.0599976,459.6600037,1679500,456.6904602
2021-09-14,462.2000122,457.4200134,460.9500122,458.4100037,1383900,455.4485779
2021-09-15,462.25,456.1400146,458.2399902,460.730011,1770300,457.7536316
2021-09-16,463.769989,456.5700073,460.7900085,463.3099976,1577500,460.3168945
2021-09-17,462.8200073,457.019989,461.6199951,459.5100098,3411400,456.5414734
2021-09-20,460.9500122,446.6199951,456.6300049,451.1400146,2602000,448.2255249
2021-09-21,456.8399963,450.1600037,451.1400146,452.1099854,1531300,449.18927
2021-09-22,455.3500061,449.8399963,454.7000122,452.3299866,1380800,449.4078064
2021-09-23,455.5499878,451.1000061,452.2999878,452.7799988,2061200,449.8549194
2021-09-24,468.7200012,455,455.980011,467.75,3353800,464.7282104
2021-09-27,470.4899902,457.2399902,465.5499878,460.5599976,2526000,457.5846863
2021-09-28,457.5,445.6700134,457.1400146,447.3500061,2632700,444.460022
2021-09-29,456,448.8999939,449.8699951,451.7900085,1922000,448.8713684
2021-09-30,455.3599854,449.2999878,453.6199951,449.3500061,1836400,446.4470825
2021-10-01,451.0799866,440.7600098,449.730011,448.3299866,1860700,445.4336853
2021-10-04,449.3500061,436.1700134,448.3399963,440.1400146,2264000,437.2966309
2021-10-05,449.1099854,439.25,439.5799866,446.2399902,1808700,443.3571777
2021-10-06,449.7799988,442.3800049,443.9299927,449.3399963,1334600,446.4371643
2021-10-07,459.5899963,452.0700073,456.4700012,452.8699951,1966200,449.944397
2021-10-08,455.75,450,455.4400024,451.8500061,1545800,448.9309387
2021-10-11,453.6900024,449.5400085,450.0400085,449.7000122,1011700,446.7948608
2021-10-12,452.8500061,445.75,450.1499939,446.8699951,1380900,443.9831238
2021-10-13,450.5100098,444.0700073,448.5400085,445.2999878,1621500,442.4232483
2021-10-14,451.7000122,446.5,447.1099854,450.6600037,1480400,447.7486572
2021-10-15,453.9400024,449.1799927,453.8900146,452.3900146,1494800,449.4674683
2021-10-18,462.3500061,448.5,449.6099854,461.9500122,2141300,458.9656982
2021-10-19,467.1600037,460.3099976,463,467.0799866,1365300,464.0625305
2021-10-20,472.5,467.8399963,468.519989,469.769989,1352900,466.7351685
2021-10-21,477.6499939,469.0799866,469.769989,477.230011,1423300,474.1469727
2021-10-22,485.0299988,478.5700073,478.9899902,481.9899902,1710300,478.8762207
2021-10-25,492.2099915,479.5,481.9899902,490.1000061,1903400,486.9338379
2021-10-26,488.25,481.230011,482.1300049,485.5299988,2378600,482.3933716
2021-10-27,491.5,483.5599976,483.8500061,489.1099854,1741800,485.9501953
2021-10-28,491.8299866,486.480011,486.9599915,490.5299988,1362400,488.1495056
2021-10-29,494.1700134,486.6600037,486.7799988,491.5400085,2471600,489.1546021
2021-11-01,494.8900146,487.2000122,494.1499939,491.8699951,1548700,489.4830322
2021-11-02,499.4899902,492.7200012,494.7399902,496.9899902,2012200,494.5781555
2021-11-03,502.9599915,495.75,501.3399963,502.3299866,1856000,499.8922424
2021-11-04,520.210022,506.0100098,507.0100098,515.6199951,2615000,513.1177368
2021-11-05,517.9000244,508.6300049,514.7700195,513.1199951,2071700,510.6298828
2021-11-08,513.4099731,500.2000122,513.4099731,503.8099976,2834800,501.3650513
2021-11-09,509.1000061,504.0599976,505.1199951,508.7099915,1881800,506.2413025
2021-11-10,510.3599854,503.769989,508.2600098,505.5100098,1226600,503.0568237
2021-11-11,512.5,504.0400085,506.2000122,512.1799927,1227300,509.6944275
2021-11-12,519.6599731,513.2299805,514.25,517.1699829,1780200,514.6602783
2021-11-15,523.0999756,518.0100098,518.4899902,519.8900146,1392300,517.3670044
2021-11-16,528.2999878,517.4099731,519.8400269,526.7199707,1690700,524.1638794
2021-11-17,530.7399902,524.5100098,527.5,526.289978,1609400,523.7359009
2021-11-18,530.7999878,522.4899902,528.1599731,529.3699951,1664200,526.8010254
2021-11-19,535.2800293,528.0100098,534.0800171,533.789978,1909800,531.1995239
2021-11-22,545.4199829,532.3200073,533.3200073,539.6500244,2190500,537.0311279
2021-11-23,545.8200073,533.7700195,537.960022,545.2600098,2147000,542.6139526
2021-11-24,550.8300171,543.3200073,545.539978,549.7299805,2316400,547.0621948
2021-11-26,554.5499878,544.3099976,549.5499878,546.1300049,1844800,543.4796753
2021-11-29,560.7800293,542.4099731,546.1300049,554.8800049,2919100,552.1872559
2021-11-30,557.1699829,535.8900146,551,539.3800049,4244200,536.7625122
2021-12-01,548.25,529.4000244,543.0999756,529.8400269,2877100,527.2687988
2021-12-02,530.9099731,514.039978,518.5100098,525.5100098,3277500,522.9597778
2021-12-03,537.5,524.7700195,529.9899902,528.9299927,2984400,526.3631592
2021-12-06,536.0499878,527.5700073,532.25,533.2000122,2432900,530.6124878
2021-12-07,543,534.710022,538.25,542.0200195,2579800,539.3896484
2021-12-08,547.789978,525.5499878,546.210022,530.1099854,3037500,527.5374146
2021-12-09,532.3300171,523.7999878,528.7999878,524.3300171,3200500,521.7854614
2021-12-10,561.2700195,534.6099854,534.710022,558.8200073,6333600,556.1080933
2021-12-13,559.75,547.9799805,550.4400024,557.2199707,3415200,554.5158691
2021-12-14,557.1699829,537.5700073,556.460022,545.3400269,3494400,542.6935425
2021-12-15,566.4899902,545.5300293,546.210022,565.4799805,2937100,562.7357788
2021-12-16,566.5499878,549.4500122,564.789978,552.6300049,2683000,549.9481201
2021-12-17,556.4699707,540.9799805,549.3200073,547.6099854,5752000,544.9524536
2021-12-20,549.1400146,538.0300293,542.1300049,548.5599976,2033600,545.8978882
2021-12-21,551.7800293,536.0800171,550.5,545.4299927,2472800,542.7830811
2021-12-22,550,539.7999878,545.3800049,549.6699829,1454500,547.0025024
2021-12-23,552.6099854,547.4899902,551.7399902,550.3699951,1757800,547.6990967
2021-12-27,565.7399902,551.4400024,551.539978,563.4699707,2262900,560.7355347
2021-12-28,566.6400146,560.7000122,563.4299927,564.6400146,1155000,561.8999023
2021-12-29,571.4899902,563.5,566.4000244,567.7700195,1753000,565.0146484
2021-12-30,569.8800049,562.3699951,569.5300293,563.9099731,1338700,561.1734009
2021-12-31,568.25,559.0300293,563.4099731,567.7000122,1509200,564.9450073
2022-01-03,567.4699707,555.5100098,565.0300293,566.710022,2714100,563.9598389
2022-01-04,568.7199707,561.789978,564.2299805,564.2299805,2097500,561.4918213
2022-01-05,565.0499878,549.7700195,563.6900024,549.9199829,2887500,547.2512817
2022-01-06,553.5200195,543.5499878,546.2000122,549.7999878,2503100,547.1318359
2022-01-07,548.3699951,534.2399902,547.5499878,536.1799927,2323900,533.5780029
2022-01-10,530.4099731,508.5,529.289978,518.7999878,4916800,516.2822876
2022-01-11,522.4699707,510.2900085,518.7999878,522.0300293,2457300,519.4967041
2022-01-12,530.0300293,522.0100098,522.0300293,525.7999878,1729500,523.248291
2022-01-13,529.0499878,515.2299805,527.6400146,516.8800049,2428100,514.3716431
2022-01-14,512.9799805,501.8599854,511.5700073,502.9899902,3872500,500.5490417
2022-01-18,495.0799866,486.8599854,494.4599915,488.0700073,3801900,485.7014465
2022-01-19,496.2399902,487.1000061,489.8900146,490.1600037,2709400,487.7812805
2022-01-20,499.8800049,481.8399963,490.75,482.8200073,2893700,480.4769287
2022-01-21,494.6099854,481.3200073,481.9200134,481.6099854,3295600,479.2727966
2022-01-24,489.9700012,469.0100098,475.5499878,488.8999939,4412600,486.5274048
2022-01-25,482.6400146,472.3699951,479.8999939,477.3200073,3076800,475.0036316
2022-01-26,493.8699951,478.769989,483.230011,483.4700012,3074900,481.1237793
2022-01-27,495.7900085,480.3099976,486.9200134,482.519989,2372300,480.1783752
2022-01-28,492.730011,475.8999939,483.7399902,492.4299927,1918500,490.0402832
2022-01-31,506.4200134,490.6300049,492,505.1300049,2480700,502.6786499
2022-02-01,509.6799927,496.9400024,505,508.4100037,2347200,505.942749
2022-02-02,523.9899902,510.3399963,511.1099854,522.0200195,2547600,519.4867554
2022-02-03,526.4400024,514.210022,515.8800049,521.7700195,2665100,520.0249023
2022-02-04,522,510.7999878,518.1099854,519.7700195,2387400,518.0316162
2022-02-07,522,514.2299805,521.2999878,515.8900146,1863600,514.1646118
2022-02-08,523.3900146,510.5,515.8900146,521.1500244,1462000,519.4069824
2022-02-09,534.2399902,525.6799927,528,528.8300171,2256700,527.0612793
2022-02-10,524.4699707,514.75,520.8699951,518.4799805,2558900,516.7459106
2022-02-11,521.3499756,507.3800049,518.4000244,509.6700134,2349700,507.9653931
2022-02-14,511.5299988,501.4400024,508.9899902,506.5599976,1749600,504.8657532
2022-02-15,516,510.7600098,513.3400269,513.9199829,1984600,512.2011108
2022-02-16,514.5499878,501.7099915,511.4899902,512.4000244,1770800,510.6862488
2022-02-17,518.210022,507.0299988,509.6400146,515.0100098,2022800,513.2875366
2022-02-18,517.9000244,510.3299866,514.8900146,512.6699829,2154700,510.9552917
2022-02-22,514.5800171,498.1600037,510,502.1799927,2451800,500.5003967
2022-02-23,507.9700012,494.7799988,502.9400024,495.2600098,2021400,493.6035461
2022-02-24,506.5499878,482.980011,483.269989,505.5799866,2859800,503.8890076
2022-02-25,518.25,505.25,508.5799866,517.4899902,2003000,515.7592163
2022-02-28,519.6300049,511.2999878,514.2999878,519.25,2408900,517.5133057
2022-03-01,529.3599854,519.1900024,519.460022,522.9299927,2316000,521.1810303
2022-03-02,533.0900269,519.7700195,524,528,2571500,526.2340698
2022-03-03,538.960022,529.539978,534.4899902,533.0499878,3851800,531.2671509
2022-03-04,529.9199829,511.7799988,519.5,525.5,4417900,523.7423706
2022-03-07,545.289978,523.4199829,523.4500122,528.5200195,3896900,526.7523193
2022-03-08,539.7299805,522.4099731,526.2199707,523.3599854,3649700,521.6095581
2022-03-09,530.8599854,515.710022,527.6199951,527.6500244,2789700,525.8852539
2022-03-10,534.3699951,518.1400146,523.1099854,532.7199707,1777700,530.9382935
2022-03-11,542.6500244,526.4299927,536.6199951,527.4199829,1735100,525.6559448
2022-03-14,535.3099976,523.539978,527.7700195,525.9500122,1950000,524.190918
2022-03-15,543.8499756,527.9199829,530,542.3200073,2547900,540.5061646
2022-03-16,551.6199951,531.2600098,544.5300293,543.3900146,3017200,541.5725708
2022-03-17,553.1699829,543.2000122,543.3499756,552.789978,1974200,550.9411011
2022-03-18,562.5499878,549.5100098,552.960022,561.3499756,3597800,559.4724731
2022-03-21,566.75,550.8400269,560.1400146,555.5300293,3136900,553.6720581
2022-03-22,560.3499756,552.3300171,556.960022,559.4199829,1777500,557.5489502
2022-03-23,560.6900024,551.9099731,556.9500122,554.0200195,1546800,552.1670532
2022-03-24,558.2600098,549.2199707,555.5100098,558.1099854,1614200,556.2433472
2022-03-25,560.4299927,550.2299805,559.8200073,555.710022,1974900,553.8514404
2022-03-28,565.2600098,553.5,556.7399902,565.210022,2056100,563.3195801
2022-03-29,571.2199707,564.5300293,568,569.9799805,2005400,568.0736694
2022-03-30,578.25,568.5900269,570.9500122,576.4699707,2086500,574.5418701
2022-03-31,586.3200073,575.5100098,578.7000122,575.8499756,3439800,573.9240112
2022-04-01,582.9899902,572.3099976,577.3800049,575.5700073,1933500,573.6449585
2022-04-04,579.6900024,571.4699707,573.9400024,575.1300049,2201800,573.2064209
2022-04-05,583.9799805,572.0999756,572.5900269,575.3200073,1826800,573.395813
2022-04-06,586.7999878,570.3699951,574.0300293,584.789978,2646200,582.8341064
2022-04-07,612.2700195,588.7800293,592.289978,608.0499878,4804200,606.0162964
2022-04-08,608,597.7299805,606.3800049,600.039978,3230200,598.0330811
2022-04-11,601,582.7999878,598.789978,584.6699829,2792700,582.7144775
2022-04-12,591.7299805,578.7600098,586.6900024,581.3599854,2142000,579.4155273
2022-04-13,593.4899902,582.4699707,582.4699707,591.0900269,2211800,589.1130981
2022-04-14,596.2800293,587.0499878,591.7800293,590.3900146,2206200,588.4153442
2022-04-18,592.1099854,579.5999756,585.3800049,582.1199951,2161900,580.1730347
2022-04-19,594.8300171,582,583.3499756,594.2999878,2327800,592.3123169
2022-04-20,605.2800293,597.2999878,599.1500244,603.5300293,1793300,601.5114136
2022-04-21,609.1799927,591.1500244,607.2800293,591.7399902,2027900,589.7608643
2022-04-22,591.9000244,571.0499878,590.3499756,571.7000122,2878200,569.7879028
2022-04-25,570.3300171,553.5300293,570.3099976,568.210022,3154500,566.3096313
2022-04-26,568.3400269,553.3099976,565.25,553.7600098,2057400,551.907959
2022-04-27,563.6199951,552.8499756,556.1900024,554.0800171,2261600,552.2268677
2022-04-28,564.7999878,545.7999878,555.4699707,562,2118700,561.0316162
2022-04-29,561.5800171,529.7000122,560.9299927,531.7199707,2968000,530.803772
2022-05-02,539.2000122,518.2700195,532.2299805,528.9500122,3303400,528.0385742
2022-05-03,534.2700195,523.7000122,530,528.0800171,2398000,527.170105
2022-05-04,546.1400146,522.8099976,531.5999756,544.4299927,2465200,543.4918823
2022-05-05,542.3400269,512.1699829,541.5700073,517.3200073,3977000,516.4285889
2022-05-06,516.4400024,498.8200073,514.4000244,503.3599854,3560800,502.4926453
2022-05-09,507.0499878,494.3399963,496.1000061,498.8299866,3292700,497.970459
2022-05-10,510.6300049,495.6300049,509.7000122,501.4599915,2729400,500.5959167
2022-05-11,508,487.8099976,503.9200134,489.0799866,2782900,488.2372437
2022-05-12,497.2600098,479.7600098,486.7900085,486.1799927,2829500,485.3422546
2022-05-13,498.7900085,489.6000061,493.1099854,497.269989,2338600,496.413147
2022-05-16,497.6799927,489.6199951,496.1400146,494.5299988,1579700,493.6778564
2022-05-17,493.5599976,480.230011,489.1600037,490.4700012,2602800,489.6248779
2022-05-18,463.8599854,424.5499878,460,429.3999939,9511600,428.6600952
2022-05-19,430.5299988,418.7200012,430.3699951,422.9299927,5839600,422.2012329
2022-05-20,428.8500061,406.5100098,428.7999878,416.4299927,5115000,415.7124329
2022-05-23,430,416.6700134,420,429.480011,3687200,428.7399597
2022-05-24,438.730011,424.3500061,424.7999878,437.7099915,3473400,436.95578
2022-05-25,443.2600098,430.8299866,436.3299866,440.1099854,3225100,439.3516235
2022-05-26,468.0499878,447.5100098,449.1000061,464.9899902,5917600,464.1887512
2022-05-27,474.8800049,455.1199951,456.7999878,470.7600098,5719600,469.9488525
2022-05-31,470.7999878,458.0299988,470.7600098,466.2200012,4424500,465.4166565
2022-06-01,470.5,456.7000122,469.3800049,456.9899902,2319400,456.2025452
2022-06-02,491.1300049,457.8800049,460.8999939,487.6099854,4950600,486.7697754
2022-06-03,488.1499939,475.5899963,485.0299988,476.25,2857400,475.4293823
2022-06-06,481,468.9100037,480.5,472.4700012,2297000,471.6558838
2022-06-07,473.730011,459.5899963,459.9100037,471.7799988,2435500,470.9670715
2022-06-08,474.4299927,466.8900146,471.7799988,467.9899902,1697000,467.1835938
2022-06-09,484.2399902,467.1499939,467.3399963,472.0499878,3087500,471.2366028
2022-06-10,468.1900024,457.7600098,465,463.3099976,2549900,462.5116577
2022-06-13,458.6400146,448.8999939,450,452.25,3113400,451.4707336
2022-06-14,458.7600098,450.2799988,452.25,454.7999878,2224600,454.0163269
2022-06-15,464.3599854,451.3900146,458.5,458.7900085,2250200,457.9994507
2022-06-16,457.769989,447.9700012,450.3099976,451.7600098,2906600,450.9815674
2022-06-17,455.6900024,443.2000122,451.0499878,446.6900024,3623400,445.9203186
2022-06-21,464.8200073,449.1400146,450.5499878,463.1099854,2420600,462.3119812
2022-06-22,464.7200012,458.5,459.3900146,459.9599915,1827500,459.1674194
2022-06-23,476.2799988,465.7099915,466.3699951,475,2030100,474.1815186
2022-06-24,484.8299866,476.6799927,480,484.3699951,2862600,483.5353699
2022-06-27,487.2399902,477.3500061,485.8099976,481.75,2034700,480.9198914
2022-06-28,487.2399902,467.8900146,483.5,468.6099854,1754600,467.8025208
2022-06-29,472.9700012,466.4200134,470.9500122,469.8399963,1275600,469.0303955
2022-06-30,482.0899963,464.7200012,468.2999878,479.2799988,3852400,478.4541321
2022-07-01,491.25,478,481.1799927,485.7600098,2659800,484.9230042
